Pop_Code,Region,Collection_Date,Latitude,Longitude,Altitude,Pop_Size,Pct_Canopy_Cover,Understory,Roadside,Hand_Removal,Herbicide,Mowing,Biocontrol,None_Known
BWPEM1,NorthAm,7/24/2009,37.373261,-80.524986,1156,300,85,0,1,0,0,0,0,0
BWPEM2,NorthAm,7/25/2009,37.367053,-80.53314,1186,350,80,0,0,0,0,0,0,0
RMNM1,NorthAm,8/12/2009,44.030239,-79.530982,85,400,80,0,1,1,0,1,0,0
KVEDG1,NorthAm,8/8/2010,39.435278,-76.288333,2,140,NA,0,0,0,0,0,0,0
KVEDG2,NorthAm,8/9/2010,39.4333,-76.299722,2,1000,NA,1,0,0,0,0,0,0
AKPTC1,Europe,5/28/2011,46.41666667,15.86666667,232,10,70,0,0,0,0,0,1,0
AFNRA1,Europe,8/18/2010,48.26102778,18.03302778,209,120,50,1,0,0,0,0,0,1
CBMCK1,NorthAm,7/7/2009,40.04498333,-105.2325,1606.9,50,95,0,0,0,0,0,0,0
CBBOU1,NorthAm,7/24/2009,40.046969,-105.259879,1641.6,52,98,1,0,0,0,0,0,1
MSFRE2,Europe,7/29/2010,47.933725,7.871013889,536,60,40,0,1,0,0,0,0,1
FVTER1,Europe,7/14/2010,49.71736111,5.452194444,340,450,30,0,1,0,0,0,0,1
THHOH1,Europe,7/18/2010,48.06416667,11.71027778,561,800,40,0,0,0,0,0,0,1
THOTT1,Europe,7/17/2010,48.06527778,11.692,562,800,50,1,0,0,0,0,0,1
MGTOS1,Europe,7/2/2010,43.981667,10.938056,400,42,90,0,0,0,0,0,0,1
MGTOS2,Europe,7/5/2010,44.001667,10.86722,540,60,90,1,0,0,0,0,0,1
MSFRE1,Europe,7/14/2010,47.97611111,7.918055556,337,250,90,1,0,0,0,0,0,1
MHSVI1,Europe,6/25/2010,50.17989361,14.0536525,310,50,56,0,1,0,0,0,0,1
MHPRA1b,Europe,7/1/2010,50.076272,14.325393,380,20,78,0,1,0,0,0,0,1
MHPRA2,Europe,7/1/2010,50.09493444,14.33307778,308,7,36,0,1,0,0,0,0,1
CBBER3,Europe,7/27/2010,52.464612,13.260325,40,40,10,1,0,0,0,0,0,1
CBBER2,Europe,7/20/2010,52.571003,13.287402,36,19,70,1,0,0,0,0,0,1
CBBER1,Europe,7/20/2010,52.554405,13.379908,43,180,90,1,0,0,0,0,0,1
HMSFR2,Europe,7/30/2010,46.80194444,7.155927778,591,100,95,0,1,0,0,0,0,1
HMSFR1,Europe,7/30/2010,46.79051389,7.158563889,633,60,90,0,1,0,0,0,0,1
SSRP1,NorthAm,6/2/2010,41.68015,-86.6107,263,5,60,0,0,0,0,0,0,1
BHB,NorthAm,7/1/2010,42.36396667,-71.20921667,17.68,20,80,1,0,0,0,0,0,1
BNC,NorthAm,6/30/2010,42.29,-71.10166667,11.3,20,80,0,0,0,0,0,0,1
PAINE,NorthAm,6/25/2010,42.38883333,-71.229,74.98,130,90,1,0,0,0,0,0,1
JRPRG1,Europe,7/25/2010,50.08277778,14.33083333,380,66,90,0,0,0,0,0,0,1
IMPOTT1,NorthAm,6/24/2010,45.450889,-75.67872,75.9,90,95,0,1,0,0,0,0,1
TMJP1,NorthAm,7/9/2010,42.29753333,-71.12029444,7.9248,25,75,0,0,0,0,0,0,1
TMFH1,NorthAm,7/13/2010,41.81994722,-69.96470278,9.7536,40,90,0,0,0,0,0,0,1
TMST01,NorthAm,7/8/2010,42.45826389,-71.08337778,26.8224,50,80,1,0,0,0,0,0,1
TMWI3,NorthAm,7/15/2010,42.66768889,-73.25522778,300.5328,35,60,0,0,0,0,0,0,1
TMWI2,NorthAm,7/6/2010,42.72608889,-73.22048611,207.264,50,80,1,0,0,0,0,0,1
TMWI1,NorthAm,7/6/2010,42.72461389,-73.22582778,266.7,50,70,1,0,0,0,0,0,1
TMIP1,NorthAm,7/7/2010,42.68880556,-70.77381389,4.572,50,60,0,1,0,0,0,0,1
MCUTSC2,NorthAm,7/22/2010,43.78181111,-79.18294167,347,60,50,1,0,0,0,0,0,1
ABDAV2,NorthAm,10/1/2010,41.55175556,-90.58705,193,2.00E+05,80,1,0,0,0,0,0,1
ABDAV1,NorthAm,10/1/2010,41.553325,-90.58442222,191,2.00E+05,50,0,0,0,0,0,0,1
AWSSM1,NorthAm,6/24/2010,46.50898056,-84.25555556,180,287,60,1,0,1,0,0,0,0
LGHOY1,Europe,6/7/2010,40.65694444,-3.841388889,916,90,60,1,0,0,0,0,0,1
MSMID3,NorthAm,7/20/2010,41.601,-72.701,5,17.5,80,1,0,0,0,0,0,1
HVBER2,Europe,5/25/2010,52.409396,13.185714,50,500,80,1,0,0,0,0,0,0
HVBER1,Europe,5/17/2010,52.4141,13.18171667,52,140,85,1,0,0,0,0,0,1
JFWAS1,NorthAm,6/10/2010,38.93795556,-77.078375,112,816,80,0,0,1,0,0,0,0
JWBOY1,NorthAm,6/24/2010,39.061684,-78.074413,250.9,435,75,1,0,0,0,0,0,1
MHBUR1,NorthAm,7/2/2010,41.9675,-71.7069,128,354.96,45,0,1,0,0,1,0,0
MHNAT1,NorthAm,6/30/2010,41.96159983,-71.35269983,60,181.76,80,1,0,0,0,0,0,1
EDSAN3,NorthAm,7/4/2010,48.489167,-123.4062333,61,750,40,0,0,1,0,0,0,0
DWTLR1,NorthAm,6/21/2010,41.20712,-73.83465983,155.4,1500,60,1,0,0,0,0,0,1
EDSAN2,NorthAm,7/4/2010,48.52333333,-123.375,78.2,600,60,0,0,1,0,0,0,0
DWLCC3,NorthAm,6/22/2010,41.127415,-73.73046983,201.2,1000,90,1,0,0,0,0,0,1
EDSAN1,NorthAm,7/3/2010,48.49166667,-123.3061111,43.7,30,65,0,0,1,0,0,0,0
DWLCC1,NorthAm,6/16/2010,41.13036,-73.29739983,29.3,500,90,1,0,0,0,0,0,1
EDVIC1,NorthAm,7/3/2010,48.473931,-123.345728,110,24,75,1,0,1,0,0,0,0
LBMN01,NorthAm,7/1/2010,40.54066667,-80.10319444,255,119,75,1,0,0,0,0,0,1
DWNYBG1,NorthAm,6/10/2010,40.86032,-73.87327,28,200,95,0,0,0,0,0,0,1
BZVAN1,NorthAm,7/8/2010,49.253116,-123.245066,77.7,23,90,0,1,0,0,1,0,0
DBOH2,NorthAm,6/28/2010,41.601067,-81.299686,305,200,80,1,0,0,0,0,0,1
SMITH1,NorthAm,7/2/2010,42.43150556,-76.38616667,326,1600,80,0,1,0,0,0,0,1
DBOH1,NorthAm,6/28/2010,41.629301,-81.30827,250,200,80,1,0,0,0,0,0,1
MKOMON1,NorthAm,7/1/2010,42.208113,-91.102631,940,30,90,1,0,1,0,0,0,0
VRNEW2,NorthAm,6/28/2010,42.32833333,-71.18361111,48.5,80,30,1,0,0,0,0,0,1
VRNEW1,NorthAm,6/28/2010,42.32492,-71.184414,63.7,120,25,0,0,0,0,0,0,1
LBNB01,NorthAm,6/29/2010,40.72938889,-80.29041667,292,20,60,0,0,0,0,1,0,0
LMGRV1,NorthAm,6/26/2010,39.61063889,-79.11022222,780.5,1057.2,70,1,0,0,0,0,0,1
TBDEL,NorthAm,6/16/2010,40.58071389,-86.67911111,171,20,75,1,0,0,0,0,0,1
DWTLR3,NorthAm,5/25/2010,41.21003,-73.83558722,121.9,10000,85,1,0,0,0,0,0,1
DWTLR2,NorthAm,5/25/2010,41.20407,-73.82627983,153.9,1000,65,1,0,0,0,0,0,1
DWLCC2,NorthAm,5/26/2010,41.12865,-73.73181983,198.1,100,95,0,0,0,0,1,0,0
SCITH2,NorthAm,6/21/2011,42.464626,-76.437571,287,30,80,1,0,0,0,0,0,1
SCITH1,NorthAm,6/21/2010,42.464753,-76.443178,317,25,80,1,0,0,0,0,0,1
TJMPL2,NorthAm,6/17/2010,44.90575,-93.19713889,277,18285,20,0,0,0,0,0,0,1
TJCRC1,NorthAm,6/17/2010,45.145605,-93.302851,271,32155,80,1,0,0,0,0,0,1
LBAL01,NorthAm,6/21/2010,40.55038889,-80.31697222,244,33,80,0,0,0,0,1,0,0
AFRHM1,NorthAm,6/18/2010,43.881412,-79.458386,240,500,85,1,0,0,0,0,0,1
LBSR01,NorthAm,6/20/2010,40.99858333,-80.01705556,404,481,95,0,1,0,0,0,0,1
JPEDG2,NorthAm,6/14/2010,38.87886,-76.54387,4,150,17,0,0,0,0,0,0,1
JPEDG1,NorthAm,6/14/2010,38.88,-76.54642,74,250,20,0,1,0,0,0,0,1
CWPRR,NorthAm,6/8/2010,39.08057778,-76.76395,25.91,40,98,1,0,0,0,0,0,1
DWNYBG3,NorthAm,5/20/2010,40.86063,-73.87727983,21.3,400,65,1,0,0,0,0,0,1
DWNYBG2,NorthAm,5/19/2010,40.86543,-73.87286,36.9,150,50,0,0,0,0,0,0,1
DWHHP3,NorthAm,5/28/2010,41.43836983,-73.97033983,65,300,80,1,0,0,0,0,0,1
DWHHP2,NorthAm,5/28/2010,41.44393,-73.96604983,195,50,85,1,0,0,0,0,0,1
DWHHP1,NorthAm,5/28/2010,41.44861,-73.96345983,200.6,1000,80,1,0,0,0,0,0,1
ABMRB1,Europe,5/23/2010,46.589225,15.60066667,379,5,10,0,0,0,0,0,0,1
MPHOC1,Europe,5/18/2010,46.498082,15.635766,293,5,50,1,0,0,0,0,0,1
TBMRB1,Europe,6/9/2010,46.53524722,15.61726944,286,90,60,1,0,0,1,0,0,0
RKCEL1,Europe,4/30/2010,46.21190722,15.23296667,286,75,0,0,1,0,0,1,0,1
TDMIK2,Europe,6/6/2010,46.508175,15.71944444,235,4,10,1,0,0,0,0,0,1
TDMIK1,Europe,5/30/2010,46.508175,15.71944444,235,7,70,0,0,0,0,0,0,1
LWPMK1,NorthAm,5/18/2010,37.354,-80.598,681.2,3200,60,1,0,0,0,0,0,1
BRSGR1,Europe,5/13/2010,46.51793333,15.082,462,3,65,0,1,0,0,0,0,1
JTMSH1,Europe,6/27/2009,51.997,7.729,53,700,20,0,1,0,0,0,0,1
JTMSA1,Europe,7/14/2009,51.909769,7.564427,76,100,2,0,0,0,0,0,0,1
JKCPH2,Europe,6/28/2009,55.641471,12.523714,5,200,70,1,0,0,0,0,0,1
JKCPH1,Europe,6/27/2009,55.756307,12.503844,32,100,10,0,1,0,0,0,0,1
EGMUL1,Europe,6/9/2009,47.83,7.567,211,230,NA,1,0,0,0,0,0,1
NIEDE1,Europe,6/9/2009,52.014116,5.676237,22,43,75,0,0,0,0,0,0,1
NIWAG1,Europe,6/9/2009,51.98,5.699,45,60,65,1,0,0,0,0,0,1
OKZPU1,Europe,6/29/2009,47.58,34.906,111,60,70,1,0,0,0,0,0,1
OKZHC1,Europe,7/14/2009,47.402913,8.562989,480,30,70,0,0,0,0,0,0,1
OKZHC2,Europe,7/14/2009,47.402996,8.559403,468,30,90,0,0,0,0,0,0,1
OKZHC3,Europe,7/15/2009,47.42591,8.531993,434,60,70,0,0,0,0,0,0,1
NSBLE1,Europe,7/1/2009,46.37,14.102,489,900,78,1,0,0,0,0,0,1
NSCER1,Europe,6/24/2009,45.78,14.39,561,50,90,0,1,0,0,0,0,1
NSLJU1,Europe,6/24/2009,46.054,14.492,317,144,82,0,0,0,0,0,0,1
NSRIB1,Europe,6/24/2009,46.382,15.512,281,28,30,0,0,0,0,0,0,1
OBBER2,Europe,6/24/2009,46.980677,7.450243,553,1000,NA,0,1,0,0,0,0,1
OBBER1,Europe,6/24/2009,46.960031,7.439288,533,300,60,1,0,0,0,0,0,1
MHPRA1,Europe,7/5/2009,50.072,14.422,218,10,NA,0,0,0,0,0,0,1
DSAGR2,Europe,7/17/2009,51.893,10.713,193,100,75,0,0,0,0,0,0,1
DSAGR1,Europe,7/17/2009,51.894,10.714,192,150,90,0,0,0,0,0,0,1
DMZRH1,Europe,7/5/2009,47.407601,8.54,455,13,50,0,0,0,0,0,0,1
WBOSN1,Europe,7/8/2009,52.285,8.003611111,85,50,60,0,0,0,0,0,0,1
ARBSH1,Europe,6/6/2009,53.181425,8.645216667,5.8,20,70,0,0,0,0,0,0,1
ARBST3,Europe,6/3/2009,53.17986389,8.674525,38.1,10,15,0,1,0,0,0,0,1
ARBST2,Europe,6/3/2009,53.19211667,8.661466667,9.8,10,15,0,0,0,0,0,0,1
ARBST1,Europe,6/3/2009,53.19133333,8.662647222,8.5,10,10,0,0,0,0,0,0,1
ARBBL3,Europe,6/1/2009,53.18216111,8.587111111,19.5,60,30,0,0,0,0,0,0,1
ARBBL2,Europe,6/1/2009,53.18237222,8.591577778,24.1,150,25,0,0,0,0,0,0,1
ARBBL1,Europe,6/1/2009,53.18385278,8.591647222,30.2,200,30,1,0,0,0,0,0,1
ARBFA2,Europe,6/14/2009,53.19973611,8.523802778,8.5,10,95,1,0,0,0,0,0,1
ARBFA1,Europe,6/14/2009,53.20105278,8.523519444,8.9,50,5,0,0,0,0,0,0,1
ARBVG2,Europe,6/6/2009,53.16170278,8.649463889,10.1,10,5,0,0,0,0,0,0,1
ARBVG1,Europe,6/6/2009,53.16209167,8.646988889,14.3,15,30,0,0,0,0,0,0,1
ARBVK3,Europe,6/6/2009,53.16789167,8.668397222,32.6,100,10,0,0,0,0,0,0,1
ARBVK2,Europe,5/31/2009,53.16626111,8.6704,33.5,60,30,0,0,0,0,0,0,1
APCUX10,Europe,6/17/2009,53.80349722,8.606777778,10,10,95,0,0,0,0,0,0,1
APCUX9,Europe,6/5/2009,53.744,9.079552778,28,25,90,0,0,0,0,0,0,1
APCUX8,Europe,6/4/2009,53.79985278,8.579222222,2,10,65,0,1,0,0,1,0,0
APCUX7,Europe,6/4/2009,53.79496944,8.584541667,1,10,35,0,1,0,0,1,0,0
APCUX6,Europe,6/4/2009,53.79766667,8.584752778,5,15,75,0,1,0,0,0,0,1
APCUX5,Europe,6/4/2009,53.80007222,8.583752778,3,7,55,0,1,0,0,0,0,1
APCUX4,Europe,6/4/2009,53.80461944,8.583408333,3,5,80,0,1,0,0,0,0,1
APCUX3,Europe,6/3/2009,53.64133333,8.850872222,17,10,75,0,0,0,0,0,0,1
APCUX2,Europe,6/3/2009,53.80797222,8.6602,22,80,80,0,1,0,0,1,0,0
APCUX1,Europe,6/3/2009,53.80685833,8.659608333,23,5,70,0,0,0,0,0,0,1
APBRE6,Europe,6/2/2009,53.10310833,8.840405556,4,100,90,1,0,0,0,0,0,1
APBRE5,Europe,6/2/2009,53.09699167,8.831244444,11,15,70,0,1,0,0,0,0,1
APBRE4,Europe,6/2/2009,53.09743056,8.832458333,12,50,70,0,0,0,0,0,0,1
APBRE3,Europe,5/29/2009,53.10632222,8.843216667,3,25,90,0,0,0,0,0,0,1
APBRE2,Europe,5/29/2009,53.10656111,8.841858333,2,40,45,0,1,0,0,1,0,0
APBRE1,Europe,5/29/2009,53.10965278,8.844502778,1,100,80,0,0,0,0,0,0,1
ARBVK1,Europe,5/31/2009,53.16364444,8.669966667,24.7,30,10,0,0,0,0,0,0,1
ASGRP1,NorthAm,6/3/2009,45.10435,-64.31857,15,180,1,0,1,0,0,0,0,1
RSKAL1,NorthAm,5/15/2009,42.26,-85.64,298,52025.7,40,1,0,0,0,0,0,1
TDBLG4,NorthAm,5/26/2009,39.19708333,-86.52844444,230,400,40,0,1,0,0,0,0,1
TDBLG3,NorthAm,5/26/2009,39.2,-86.51666667,182,11000,95,0,1,0,0,0,0,1
TDBLG2,NorthAm,5/21/2009,39.03333333,-86.56666667,165,120000,70,1,0,0,0,0,0,1
TDBLG1,NorthAm,5/21/2009,39.13333333,-86.53333333,217,1200,50,1,0,0,0,0,0,1
MSMID2,NorthAm,7/22/2009,41.596337,-72.702483,18,30,60,0,1,0,0,1,0,0
MSMID1,NorthAm,7/15/2009,41.60111111,-72.70111111,5,20,98,1,0,0,0,0,0,1
QGBRU1,Europe,7/16/2009,50.9301,4.32385,33,70,5,0,0,0,0,1,0,0
SEHAL2,Europe,6/18/2009,51.48830278,11.94863333,78.55,1250,8,1,0,0,0,0,0,1
HAHAL1,Europe,6/18/2009,51.50085,11.930925,99.06,100,10,0,0,0,0,0,0,1
GDAMI1,Europe,7/27/2010,49.949,2.17,17,60,80,1,0,0,0,0,0,0
GDAMI2,Europe,7/28/2010,49.883,2.345,27,40,0,1,0,0,0,0,0,0
RKSNV1,Europe,5/21/2010,46.391,15.596,308,20,90,0,0,0,0,0,0,0
MZZAL1,Europe,6/2/2010,46.29,15.133,322,16,16,0,0,0,0,0,0,0
ANMAB1,Europe,6/6/2010,46.561,15.619,266,32,60,1,0,0,0,0,0,0
JMMRB1,Europe,5/27/2010,46.53,15.612,8,8,100,0,1,0,0,0,0,0
SCA,NorthAm,7/14/2011,43.7816,-79.1862,130,40,70,1,0,0,0,0,0,1
RMPIC1,NorthAm,7/29/2011,43.8152,-79.1569,97,1000,75,1,0,0,0,0,0,1
EFCC3,Europe,6/29/2011,45.709671,11.7164,88,6,70,0,0,0,0,0,0,1
EFCC2,Europe,6/25/2011,45.697008,11.69416,73,27,50,1,0,0,0,0,0,1
RMBC1,Europe,8/5/2011,44.739418,-0.375702,28,30,60,0,1,0,0,0,0,1
MPLS1,Europe,7/5/2011,46.56944444,15.80027778,250,75,60,1,0,0,0,0,0,1
KSWOL1,Europe,7/7/2011,50.22176087,19.80951905,448,22,40,0,1,0,0,1,0,0
KSOJC1,Europe,6/24/2011,50.21133942,19.82593417,364,18,80,0,1,0,0,1,0,0
MJWOL1,Europe,7/7/2011,50.21148223,19.81743157,430,18,70,0,1,0,0,1,0,0
MJOJC1,Europe,6/24/2011,50.20432459,19.82223272,354,20,80,1,0,0,0,0,0,1
RBATL1,NorthAm,5/19/2011,33.983652,-84.577759,515,10,60,1,0,0,0,0,0,1
GTEAP1,Europe,4/19/2011,48.094807,-1.739277,22,5,20,0,1,0,0,0,0,1
GTEAP2,Europe,4/19/2011,48.09606,-1.738255,23,8,30,0,0,0,0,0,0,1
KMIND1,NorthAm,5/27/2011,36.87333333,-85.84527778,703,75,90,1,0,0,0,0,0,1
JBCHY1,NorthAm,5/24/2011,38.94948333,-76.95306667,25.9,210,85,1,0,0,0,0,0,1
JBBLB2,NorthAm,6/1/2011,38.87491667,-76.94818333,0,206.8,70,0,0,0,0,0,0,1
DBAUG1,NorthAm,6/1/2011,44.309109,-69.770908,17,9,60,0,0,0,0,0,0,1
TBBGD1,NorthAm,6/4/2011,40.54988333,-85.23425,126.8,10,75,0,0,0,0,0,0,1
RUANN1,NorthAm,5/24/2011,40.340558,-76.510763,173.7,1470,60,1,0,0,0,0,0,1
RULEB1,NorthAm,5/25/2011,40.328062,-76.505785,146.3,638,50,0,1,0,0,0,0,1
RUANN2,NorthAm,5/25/2011,40.337042,-76.450467,134.4,39,40,1,0,1,0,0,0,0
TMEL1,NorthAm,6/5/2011,36.342,-82.255,449,12,70,1,0,0,0,0,0,1
WSSWM3,NorthAm,6/7/2011,39.90891,-75.35907,23,46.92,80,1,0,0,0,0,0,1
WSSWM2,NorthAm,6/6/2011,39.90083,-75.36037,35,260.707,50,1,0,0,0,0,0,1
WSSWM1,NorthAm,6/1/2011,39.9043,-75.36037,23,748.2,60,1,0,0,0,0,0,1
LGTOR1,Europe,5/26/2011,40.5836,-3.894,797,30,60,1,0,0,0,0,0,1
MWORG1,NorthAm,6/7/2011,41.06892778,-76.4071,234,120,85,0,1,0,0,1,0,0
GSIND1,NorthAm,5/24/2011,39.82809,-86.18687,215,37,75,1,0,0,0,0,0,1
PDCTM1,NorthAm,6/7/2011,40.760846,-74.446464,78,96,70,1,0,0,0,0,0,1
PDOAK1,NorthAm,6/1/2011,40.272159,-74.039057,13,104,60,1,0,0,0,0,0,1
PDOAK2,NorthAm,6/1/2011,40.261819,-74.030601,15.7,30,60,0,1,0,0,0,0,1
PDLCT1,NorthAm,5/31/2011,40.334703,-74.156692,25.3,5,60,1,0,0,0,0,0,1
PDHWL2,NorthAm,6/2/2011,40.176365,-74.219559,32,5,75,0,0,0,0,0,0,1
PDHWL1,NorthAm,5/31/2011,40.205832,-74.225606,25,3,60,0,0,0,0,0,0,1
PDMRS1,NorthAm,6/7/2011,40.802993,-74.454457,110,27,70,1,0,0,0,0,0,1
PDRVT1,NorthAm,6/2/2011,40.216898,-74.522681,52,46.5,80,0,0,0,0,0,0,1
PDFRD1,NorthAm,6/2/2011,40.198544,-74.302611,40,19.2,65,0,1,0,0,0,0,1
DKDEF1,NorthAm,6/9/2011,41.304141,-84.393853,210,100,90,1,0,1,1,0,0,0
CWRIC1,NorthAm,6/13/2011,37.550974,-77.51833,29,25,50,1,0,0,0,0,0,1
DKPIB1,NorthAm,6/13/2011,41.654637,-82.830434,189,200,95,0,0,0,0,0,0,1
CWRIC2,NorthAm,6/4/2011,37.544016,-77.509875,30,35,90,1,0,0,0,0,0,1
AMGRAN1,NorthAm,6/12/2011,40.075634,-82.527055,328,350,90,1,0,0,0,0,0,1
BMBL01,NorthAm,5/24/2011,36.115833,-81.653611,1077,50,80,0,1,0,0,0,0,1
BMBL02,NorthAm,6/6/2011,36.142778,-81.696944,1140,30,95,1,0,0,0,0,0,1
VAWYN1,NorthAm,6/7/2011,40.95044444,-74.203803,152,252,90,0,0,0,0,0,0,1
SELOU,NorthAm,6/16/2011,38.243,-85.69976,142,10000,70,1,0,1,1,0,0,0
SEBRN,NorthAm,6/16/2011,38.342666,-85.52767,197,10,50,0,0,0,0,0,0,1
ADBRE1,Europe,6/20/2011,47.23897222,27.48869444,172,100,70,1,0,0,0,0,0,1
ADSL01,Europe,6/21/2011,47.05347222,27.65902778,290,50,90,1,1,0,0,0,0,1
ADDUM1,Europe,6/22/2011,47.403011,26.324303,362,200,40,0,1,0,0,1,0,0
SMAKC1,NorthAm,6/21/2011,41.173591,-81.643766,307,40,90,1,0,0,0,0,0,1
SMAKC2,NorthAm,6/21/2011,41.06973,-81.612845,305,665,70,1,0,0,0,0,0,1
LGESC1,Europe,6/22/2011,40.568,-4.155,1024,5000,80,1,0,0,0,0,0,1
CMICI1,NorthAm,6/11/2011,41.72149,-91.523007,200.8632,75,70,1,0,0,0,0,0,1
JPOXF1,NorthAm,6/22/2011,39.520672,-84.703036,280,900,90,0,0,0,0,0,0,1
DSCRA2,NorthAm,6/1/2011,40.667309,-74.313025,31,50,30,0,1,0,0,0,0,1
JPOXF2,NorthAm,6/24/2011,39.529148,-84.716294,263,350,15,1,0,0,0,0,0,1
MMTOL1,NorthAm,6/9/2011,41.693472,-83.669222,240,200,95,1,0,0,0,0,0,1
MMTOL2,NorthAm,6/9/2011,41.666778,-83.593861,207,190,75,0,1,0,0,0,0,1
MMTOL3,NorthAm,6/24/2011,41.612556,-83.642056,245,1500,75,1,0,0,0,0,0,1
MMTOL4,NorthAm,6/24/2011,41.679083,-83.668861,249,1000,65,0,0,0,0,0,0,1
EFBDG1,Europe,6/25/2011,45.7876438,11.7238498,120,6,75,0,1,0,0,0,0,1
ADMOT1,Europe,6/26/2011,47.250295,26.62868,427,50,70,1,1,0,0,0,0,1
ADPLA1,Europe,6/24/2011,47.23197222,26.49058333,309,100,70,0,0,0,0,0,0,1
MHPON1,NorthAm,6/10/2011,42.607033,-96.722,391.7,1800,70,1,0,1,1,0,0,0
MBSGF1,NorthAm,5/25/2011,37.1692489,-93.3319138,415.33,3810,90,0,1,0,0,1,0,1
MBSGF2,NorthAm,5/25/2011,37.147025,-93.37560549,361,1303.2,0,1,0,0,0,1,0,1
MBSGF3,NorthAm,5/27/2011,37.15576944,-93.238805,406,5720,70,1,0,0,0,1,0,1
MBLEB1,NorthAm,5/30/2011,37.7152,-92.8519,306,745000,90,1,0,1,0,0,0,0
JKFRS1,Europe,6/24/2011,48.4013,11.7592,441,50,80,1,0,0,0,0,0,1
JKFRS2,Europe,6/24/2011,48.4026,11.76106,441,42,50,0,0,0,0,1,0,0
CGGP1,NorthAm,6/29/2011,45.10459444,-64.307,20,276.4,80,1,0,1,0,0,0,0
CGGP2,NorthAm,6/29/2011,45.10099167,-64.307,31,2000,30,0,0,0,0,0,0,1
VAPAT1,NorthAm,6/20/2011,40.90001944,-73.82603333,120,14400,75,0,0,0,0,0,0,1
KOGA1,NorthAm,6/3/2011,44.219646,-69.788568,45,12,50,0,1,0,0,0,0,1
KOGA2,NorthAm,6/8/2011,44.224598,-69.783182,34,7,80,1,0,0,0,0,0,1
KOWIN1,NorthAm,6/7/2011,44.319573,-69.978704,113,3,20,0,0,0,0,0,0,1
DMPRI1,NorthAm,6/9/2011,40.328045,-74.673947,11,500,80,1,0,0,0,0,0,1
DMLAW1,NorthAm,6/1/2011,40.278642,-74.742075,30,120,80,1,0,0,0,0,0,1
DMTIT1,NorthAm,6/15/2011,40.302096,-74.86816,68,300,50,0,0,0,0,0,0,1
DSCRA1,NorthAm,6/1/2011,40.66984,-74.312339,31,30,80,1,0,0,0,0,0,1
JJWB1,NorthAm,7/5/2011,44.959437,-71.53794,40,40,75,0,0,0,0,0,0,1
JJGP1,NorthAm,7/5/2011,44.937567,-71.3376,10,100,90,1,0,1,0,0,0,0
JJPW1,NorthAm,7/5/2011,44.950005,-69.9336,18,130,85,0,1,0,0,0,0,1
JPBOU1,NorthAm,6/11/2011,40.0224,-105.2276,1586,5,70,1,0,0,0,0,0,1
MAVELK1,NorthAm,6/13/2011,41.197894,-96.298524,381,500,75,1,0,1,0,0,0,0
MAVBEL1,NorthAm,6/14/2011,41.169956,-95.903338,347,500,40,1,0,0,0,0,0,1
MAVBEL2,NorthAm,6/20/2011,41.170384,-95.902909,358,500,80,1,0,0,0,0,0,1
LADEL1,NorthAm,6/20/2011,40.197192,-83.07192,274.32,374,70,1,0,0,0,0,0,1
LADEL2,NorthAm,6/21/2011,40.197118,-83.064614,259.08,795,90,1,0,0,0,0,0,1
RGGON1,Europe,6/28/2011,50.976399,3.796965,12,180,85,1,0,0,0,0,0,1
EHCAR1,NorthAm,6/22/2011,37.712828,-89.247567,131,200,10,1,0,0,0,0,0,1
SLHWL1,NorthAm,6/24/2011,45.358606,-122.684944,42.4,100,75,0,1,0,0,1,0,0
JBHVA1,NorthAm,7/7/2011,41.493391,-81.424055,343,814,60,1,0,0,0,0,0,1
ERCAV1,NorthAm,7/12/2011,46.494352,-63.39319,13,3100,50,1,0,1,0,0,0,0
ZDGKW1,Europe,6/9/2011,51.03556,16.77611,140,900,60,0,0,0,0,0,0,1
MSWR01,Europe,6/2/2011,51.07539,17.04939,130,30,85,0,0,0,0,0,0,1
JPZVL1,Europe,7/2/2011,48.559895,19.104912,290,200,80,0,1,0,0,1,0,0
DMMAR1,Europe,6/29/2011,50.8068,8.7537,251,14,80,0,0,0,0,0,0,1
CRSORO,NorthAm,7/10/2011,44.89568,-68.675117,59,960,80,1,0,0,0,0,0,1
MHNAT1_2011,NorthAm,7/21/2011,41.96159983,-71.35269983,0,250,60,1,0,0,0,0,0,1
MHBUR1_2011,NorthAm,7/21/2011,41.9675,-71.7069,122,100,60,0,1,0,0,1,0,0
GHWCH2,NorthAm,6/13/2011,37.538895,-97.676284,415.1376,18000,45,1,0,0,1,0,0,1
GHWCH1,NorthAm,6/13/2011,37.696039,-97.469991,399.5928,13,55,1,0,0,0,0,0,1
MAVBEL3,NorthAm,6/20/2011,41.19958333,-95.73394444,381,500,90,1,0,0,0,0,0,1
PACHI1,NorthAm,7/7/2011,41.885318,-87.948523,50,18,60,1,0,0,0,0,0,1
PACHI2,NorthAm,7/7/2011,41.84694444,-86.12611111,60,450,80,1,0,0,0,0,0,1
SRSJ,NorthAm,5/26/2011,40.1385,-88.0361027,265.74,400,80,1,0,1,0,0,0,0
DVERR,NorthAm,7/12/2011,40.8061,-74.2375,191,20,90,0,0,0,0,0,0,1
DVSMR1,NorthAm,7/12/2011,40.735151,-74.306935,161,20,90,1,0,0,0,0,0,1
DVSMR2,NorthAm,7/12/2011,40.7477,-74.3,96,100,70,1,0,0,0,0,0,1
DVSC,NorthAm,7/19/2011,41.2261,-74.7496,239,10,50,0,1,0,0,0,0,1
VRNOR,NorthAm,6/30/2011,41.988269,-73.189459,395.6,35,45,0,1,0,0,0,0,1
VRCAN,NorthAm,6/30/2011,42.003658,-73.328612,203,20,50,0,1,0,0,0,0,1
VRFAV,NorthAm,6/30/2011,41.970914,-73.27147,453.2,20,70,1,0,0,0,0,0,1
VRPET1,NorthAm,7/13/2011,42.52916667,-71.81027778,319.7,500,20,0,0,0,0,0,0,1
VRPET2,NorthAm,7/13/2011,42.531117,-72.189784,329.1,50,40,0,1,0,0,0,0,1
BZVAN1_2011,NorthAm,7/29/2011,49.253073,-123.245161,78,62.5,95,0,1,0,0,1,0,0
DVHMF1,NorthAm,6/13/2011,40.49665833,-74.56766389,24,100,95,1,0,0,0,0,0,1
DVHMF2,NorthAm,6/13/2011,40.49863333,-74.56448611,24,5000,50,1,0,0,0,0,0,1
DVGM,NorthAm,7/19/2011,40.87611111,-74.95630278,232,65,99,1,0,0,0,0,0,1
PTMOC1,Europe,7/15/2011,48.2719,18.4133,243,277,0,0,0,0,0,0,0,1
DVJJ,NorthAm,7/19/2011,40.913975,-74.921223,256,30,95,0,0,0,0,1,0,0
DVWC,NorthAm,6/13/2011,40.29718333,-74.86596667,24,50,85,0,1,0,0,1,0,0
KKSZC1,Europe,7/6/2011,53.461956,14.509717,26,7,80,0,0,0,0,0,0,1
CBBOU2,NorthAm,7/12/2011,40.0209167,-105.232467,1603.6,125,60,1,0,0,0,0,0,1
KKSZC2,Europe,7/8/2011,53.470215,14.477519,35,16.5,80,0,0,0,0,0,0,1
KKSZC3,Europe,7/20/2011,53.438477,14.563252,12,12,95,0,1,0,0,0,0,1
CBBOU3,NorthAm,7/15/2011,40.0248,-105.30285,1711.5,750,55,1,0,0,0,0,0,1
CBBOU4,NorthAm,7/19/2011,40.044928,-105.253212,1582.2,3000,25,0,0,0,0,0,0,1
BBCIN4,NorthAm,6/21/2011,39.15083333,-84.47603333,195,210,85,0,0,0,0,0,0,1
CBBOU5,NorthAm,7/20/2011,40.02725,-105.224367,1602.6,120,60,1,0,0,0,0,0,1
AWLHH1,Europe,6/6/2011,51.56055556,-0.1625,89,30,90,1,0,0,0,0,0,1
AWLHH2,Europe,6/6/2011,51.55944444,-0.1625,83,15,80,0,0,0,0,0,0,1
BBCIN1,NorthAm,6/15/2011,39.15586667,-84.58543333,239.3,12810,65,1,0,0,0,0,0,1
BBCIN2,NorthAm,6/16/2011,39.16131667,-84.59138333,234,30000,80,1,0,0,0,0,0,1
BBCIN3,NorthAm,6/16/2011,39.17488333,-84.57721667,272,39150,75,1,0,0,0,0,0,1
CBSVB1,Europe,7/20/2011,43.7249,3.8675,72,100,40,1,0,0,0,0,0,1
CBCLL1,Europe,7/23/2011,43.6329,3.8917,43,400,15,1,0,0,0,0,0,1
JWBOY1_2011,NorthAm,6/22/2011,39.061684,-78.074413,186,150,60,1,0,0,0,0,0,1
DWBCP1,NorthAm,7/17/2011,41.10687,-73.64464,139,200,90,1,0,0,0,0,0,1
DWBRP1,NorthAm,6/28/2011,40.97859,-73.81267,38,300,95,0,0,0,0,0,0,1
DWHHP1_2011,NorthAm,5/26/2011,41.44872,-73.96368,138,5000,95,1,0,0,0,0,0,1
DWHHP2_2011,NorthAm,4/26/2011,41.44357,-73.96622,138,20,15,1,0,0,0,0,0,1
DWHHP3_2011,NorthAm,6/16/2011,41.43835,-73.97069,84,250,87,1,0,0,0,0,0,1
DWLCC1_2011,NorthAm,6/13/2011,41.13036,-73.72974,192,150,90,1,0,0,0,0,0,1
DWLCC2_2011,NorthAm,7/13/2011,41.12862,-73.73157,213,200,95,0,0,0,0,0,0,1
DWLCC3_2011,NorthAm,7/13/2011,41.12756,-73.73038,231,500,95,1,0,0,0,0,0,1
DWNSW1,NorthAm,6/29/2011,40.9414,-73.80317,81,2000,95,1,0,0,0,0,0,1
DWNSW2,NorthAm,6/29/2011,40.94063,-73.802817,73,25000,92,1,0,0,0,0,0,1
DWNYBG1_2011,NorthAm,5/14/2011,40.8603,-73.87329,32,100,90,0,0,0,0,0,0,1
DWNYBG2_2011,NorthAm,7/5/2011,40.86553,-73.87291,45,750,80,1,0,0,1,0,0,0
DWNYBG3_2011,NorthAm,5/14/2011,40.86073,-73.87739,18,30,95,1,0,0,0,0,0,1
DWSLP1,NorthAm,6/30/2011,41.0465,-73.74968,102,100,85,1,0,0,0,0,0,1
DWSRP1,NorthAm,6/28/2011,41.03092,-73.84189,63,150,90,0,0,0,0,0,0,1
DWSRP2,NorthAm,6/28/2011,41.02729,-73.84312,64,600,95,0,0,0,0,0,0,1
DWTLR1_2011,NorthAm,6/15/2011,41.20691,-73.83512,91,700,80,1,0,0,0,0,0,1
DWTLR2_2011,NorthAm,6/15/2011,41.20382,-73.82631,225,500,90,1,0,0,0,0,0,1
DWTLR3_2011,NorthAm,7/14/2011,41.20997,-73.83635,128,2000,95,1,0,0,0,0,0,1
DWTMR1,NorthAm,7/6/2011,41.25493,-73.79503,258,25,90,1,0,0,0,0,0,1
EBIWA1,Europe,6/14/2011,57.021,40.969,125,10,70,0,1,0,0,0,0,0
LRYUZ1,Europe,5/30/2011,56.5857,42.0141,105,5,NA,0,0,0,0,0,0,0
LRYUZ2,Europe,5/30/2011,56.5851,42.0142,105,40,NA,0,0,0,0,0,0,0
LRYUZ3,Europe,5/30/2011,56.5827,42.015,103,30,NA,0,0,0,0,0,0,0
LRYUZ4,Europe,5/30/2011,56.5804,42.0051,105,2500,NA,1,0,0,0,0,0,0
DFKON2,Europe,7/12/2011,47.6721,9.2029,436,18,60,0,0,0,0,0,0,0
DFKON1,Europe,7/11/2011,47.698,9.18,441,23,95,1,0,0,0,0,0,0
AUSWI1,Europe,7/11/2011,50.2554,18.5738,282,25,30,1,0,0,0,0,0,0
MSSWI1,Europe,7/11/2011,50.915,16.237,286,150,80,0,1,0,0,0,0,0
MSNWW1,Europe,7/11/2011,50.979,16.052,246,4,80,0,0,0,0,0,0,0
MSKSI1,Europe,7/11/2011,50.997,16.976,133,50,70,0,1,0,0,0,0,0
TNDGC1,Europe,8/28/2011,50.339056,19.182669,267,300,60,0,0,0,0,0,0,0
BTKAT1,Europe,7/29/2011,50.214637,18.985771,283,20,80,1,0,0,0,0,0,0
HVSTD1,Europe,6/24/2011,52.397247,13.190242,39,10000,30,1,0,0,0,0,0,0
HVKLE1,Europe,6/13/2011,52.398992,13.218172,54,600,40,0,0,0,0,0,0,0
FEDIE1,Europe,7/7/2011,48.079,14.436,305,150,50,0,0,0,0,0,0,0
FEDIE2,Europe,7/7/2011,48.09222222,14.44944444,302,500,50,0,0,0,0,0,0,0
FEKRS1,Europe,6/10/2011,48.164,14.465,280,50,60,0,0,0,0,0,0,0
FEKRS2,Europe,6/10/2011,48.124,14.429,347,300,65,0,0,0,0,0,0,0
FEKRS3,Europe,6/10/2011,48.113,14.436,347,1000,60,0,0,0,0,0,0,0
FENLB1,Europe,7/8/2011,48.3514,14.2386,564,1000,80,0,0,0,0,0,0,0
FEDWG1,Europe,6/7/2011,48.312,16.574,167,20000,70,0,0,0,0,0,0,0
FESTH1,Europe,6/7/2011,48.307,16.637,165,1000,80,0,0,0,0,0,0,0
FEVIE1,Europe,5/24/2011,48.247,16.279,305,300,50,0,0,0,0,0,0,0
FEVIE2,Europe,5/24/2011,48.236,16.289,285,1000,80,0,0,0,0,0,0,0
FEVIE3,Europe,5/24/2011,48.237,16.266,295,300,50,0,0,0,0,0,0,0
FEVIE4,Europe,6/3/2011,48.219,16.353,180,100,85,0,0,0,0,0,0,0
FEVIE5,Europe,6/8/2011,48.226,16.377,163,15000,45,0,0,0,0,0,0,0
FETUL1,Europe,5/29/2011,48.188,16.099,330,300,85,0,0,0,0,0,0,0
JPHDB1,Europe,7/23/2011,49.397911,8.729827,507,51,NA,0,0,0,0,0,0,0
PCWAR1,Europe,7/18/2011,52.306,20.92,99,25,75,0,0,0,0,0,0,0
LBRACC1,NorthAm,6/25/2011,40.5115,-80.3919,320,20,80,1,0,0,0,0,0,1
IMPOTT2,NorthAm,6/17/2011,45.452033,-75.668249,47,750,90,1,0,0,0,0,0,1
MMLMG1,NorthAm,5/6/2011,41.759084,-82.677269,585,800,40,1,0,1,0,0,0,0
CSIAS8,Europe,7/11/2011,47.10535,27.46679,138,12,70,0,0,1,1,0,0,0
CSIAS7,Europe,7/11/2011,47.13992,27.54691,135,15,70,0,0,0,1,0,0,0
CSIAS6,Europe,7/11/2011,47.14041,27.54992,128,9,70,0,0,0,1,0,0,0
CSIAS5,Europe,6/24/2011,47.21061,27.53083,202,4,50,0,0,0,0,0,0,1
CSIAS4,Europe,6/24/2011,47.21724,27.52551,149,15,60,0,0,0,0,0,0,1
CSIAS3,Europe,6/24/2011,47.29083,27.427236,151,10,70,0,0,0,0,0,0,1
CSIAS2,Europe,6/24/2011,47.24313,27.4853,146,40,85,1,0,0,0,0,0,1
CSIAS1,Europe,6/24/2011,47.23432,27.49709,173,45,85,1,0,0,0,0,0,1
THDUB1,Europe,5/30/2011,53.417896,-6.213052,47,NA,67.61,0,1,NA,NA,NA,NA,NA
THDUB2,Europe,7/8/2011,53.284583,-6.519138,135,NA,8.09,0,1,NA,NA,NA,NA,NA
THDUB3,Europe,6/10/2011,53.266564,-6.229223,125,NA,65.51,0,1,NA,NA,NA,NA,NA
THDUB4,Europe,6/16/2011,53.305568,-6.224841,24,NA,37.22,0,0,NA,NA,NA,NA,NA
THDUB5,Europe,7/3/2011,53.260258,-6.29442,162,NA,69.86,0,1,NA,NA,NA,NA,NA
THDUB6,Europe,6/30/2011,53.428203,-6.370336,80,NA,87.45,1,1,NA,NA,NA,NA,NA
THDUB7,Europe,7/11/2011,53.391156,-6.571791,60,NA,91.78,1,0,NA,NA,NA,NA,NA
THDUB8,Europe,7/18/2011,53.378798,-6.334353,37,NA,41.88,0,1,NA,NA,NA,NA,NA
THDUB9,Europe,7/14/2011,53.251072,-6.500179,211,NA,52.45,0,1,NA,NA,NA,NA,NA
THDUB10,Europe,7/25/2011,53.415052,-6.392372,83,NA,76.19,0,1,NA,NA,NA,NA,NA
GQMSC2,NorthAm,7/21/2013,45.173544,-92.83029,422,30,NA,0,1,1,0,0,0,0
GQMSC1,NorthAm,7/21/2013,45.176393,-92.827555,300,750,NA,1,0,1,0,0,0,0
CBCLL1_2012,Europe,7/14/2012,43.6329,3.8917,35,400,10,1,0,0,0,1,1,0
CBSVB1_2012,Europe,7/8/2012,43.7249,3.8675,72,100,50,1,0,0,0,0,1,1
DMSB2,NorthAm,5/24/2012,41.7566,-86.2683,220,4000,50,0,0,1,0,0,0,0
DMSB1,NorthAm,5/22/2012,41.753,-86.26753,228,100,70,1,0,0,0,0,0,1
TDBLG7,NorthAm,5/17/2012,39.12,-86.54,203.6,30,70,0,0,0,0,0,0,1
TDBLG6,NorthAm,5/15/2012,39.12,-86.54,204.2,20,80,0,0,0,0,0,0,1
TDBLG5,NorthAm,5/15/2012,39.14,-86.53,211.2,20,85,0,0,0,0,0,0,1
MDGB1,NorthAm,6/18/2012,44.58341,-87.89622,170,84,77,1,0,0,0,0,0,1
TDBLG8,NorthAm,5/17/2012,39.15,-86.5,228.6,50,90,0,0,0,0,0,0,1
YSHKA,Europe,6/2/2012,33.28183,35.7303,1370,80,70,1,0,0,0,0,0,1
KULAW1,NorthAm,6/6/2012,39.0432,-95.2052,304.8,30000,70,1,0,0,0,0,0,1
RHLAW1,NorthAm,4/30/2012,38.9332,-95.2514,250,3000,5,0,0,0,0,0,0,1
CABAL1,NorthAm,4/27/2012,38.8098,-95.1875,300,30000,80,1,0,0,0,0,0,1
GHWCH2_2012,NorthAm,5/29/2012,37.538895,-97.676284,415.137,18000,75,1,0,0,0,0,0,1
GHWCH1_2012,NorthAm,5/29/2012,37.696039,-97.469991,505.358,50,45,1,0,0,0,0,0,1
KNHDW1,NorthAm,5/22/2012,35.745001,-82.983328,115,4000,10,0,0,0,0,0,0,1
KNDUR1,NorthAm,5/1/2012,36.055311,-78.841945,161.5,20,20,1,0,1,0,0,0,0
YSAVT1,Europe,6/7/2011,33.11305556,35.79333333,1072,16,70,1,0,0,0,0,0,1
VSGAR01,NorthAm,6/30/2011,44.22842,-69.78268,62,NA,NA,1,1,1,1,1,0,0
RYPLY1,NorthAm,7/22/2010,41.43706389,-86.30944444,256.64,1200,10,1,1,NA,NA,NA,NA,NA
ABSLB2,NorthAm,7/8/2009,44.89638889,-86.03361111,223,1350,90,1,0,NA,NA,NA,NA,NA
ABSLB1,NorthAm,7/8/2009,44.83333333,-86.025,299,650,50,1,0,NA,NA,NA,NA,NA
JARI1,NorthAm,7/13/2010,41.48,-71.52,20.7,300,70,1,1,NA,NA,NA,NA,NA
JMRRN1,NorthAm,6/18/2011,41.431708,-81.848156,191,25,75,1,0,NA,NA,NA,NA,NA
JMBWR1,NorthAm,6/18/2011,41.418617,-81.950123,22.6,5,40,0,0,NA,NA,NA,NA,NA
CCKGBG1,NorthAm,6/24/2011,39.8075,-77.29472222,168,14000,60,1,0,NA,NA,NA,NA,NA
CCKGBG2,NorthAm,6/25/2011,39.78222222,-77.20555556,132,2400,75,0,0,NA,NA,NA,NA,NA
