Ind,Site,Row,Pos,Mat,Pop,Region,Flwr07,FVeg07,InfMass07,Fruits07,Flwr08,FVeg08,HVeg08,InfMass08,Flwr09,FVeg09,HVeg09,InfMass09,Flwr10,FVeg10,HVeg10,InfMass10
1,1_BEF,1,1,C13,C,NORTH,39285,41,9.7,625,39613,79,71,9.7,39980,64,82,11.7,40345,68.7,66,1.9
2,1_BEF,1,2,C11,C,NORTH,39293,40,6.5,329,39625,117,108,36.1,39993,70,65.5,10.1,40350,83.4,96,7.3
3,1_BEF,1,3,A16,A,NORTH,39286,32.5,16,1029,39610,70,62.5,28.9,NA,NA,NA,NA,NA,NA,NA,NA
4,1_BEF,1,4,C20,C,NORTH,39305,45,1.5,46,39638,94.5,87.5,18.2,40000,84,72,9.6,40369,69.9,57.5,5.7
5,1_BEF,1,5,T3,T,SOUTH,39293,47.5,17.4,1121,39616,97,90,47.9,39986,66,65.5,38.1,40353,70.1,65.5,27.9
6,1_BEF,1,6,C18,C,NORTH,39291,55,13.1,504,39625,128.5,124,30.7,39995,91,82,16.7,40357,97,77,4.9
7,1_BEF,1,7,C22,C,NORTH,39287,51.5,3,122,39614,94,85,23.3,39990,80,76,11.1,40350,105,98,5.3
8,1_BEF,1,8,E27,E,MID,39293,38,0.6,15,39621,70,76.5,8.5,39993,62,60.5,2.6,NA,NA,57,5.5
9,1_BEF,1,9,C1,C,NORTH,39287,51,0,0,39617,112,91,28.5,39996,58,56.5,1.7,40358,50.8,49.5,1.5
10,1_BEF,1,10,J1,J,MID,39303,37.5,12.2,896,39638,103.5,96.5,16.6,39997,99,93.5,18.8,40357,85.1,82,15.3
11,1_BEF,1,11,C20,C,NORTH,39293,36,0.6,11,39630,66,56,6.3,40014,50,NA,NA,NA,NA,NA,NA
12,1_BEF,1,12,E6,E,MID,39296,26.5,1.8,124,39617,88,81.5,8.1,40000,71,71.5,1.1,40358,65,52,0.1
13,1_BEF,1,13,S12,S,SOUTH,39314,53.5,25.4,1794,39635,120.5,120,48.9,39993,100,118.5,60.3,40358,85.4,80,31.3
14,1_BEF,1,14,E3,E,MID,39293,26,0.4,10,39619,51.5,42.5,6.4,39993,40,37,1.6,40350,46.8,40.5,0.3
15,1_BEF,1,15,J26,J,MID,39293,64,22.8,1228,39628,106,101,36,39997,116,93.5,42.7,40357,93.5,83.5,35.8
16,1_BEF,1,16,S10,S,SOUTH,39303,56.5,20.7,1701,39638,99,90,29,40002,96,91,32.6,40358,82.3,73,33.2
17,1_BEF,1,17,A18,A,NORTH,39285,32,3.7,127,39623,90,83.5,13,39993,63,55,12,40351,69,61,8.2
18,1_BEF,1,18,E13,E,MID,39293,39.5,2.8,65,39612,69,59,19,39989,77,68,5.7,40352,54,50,2.3
19,1_BEF,1,19,T11,T,SOUTH,39304,41,2.1,92,39643,71,56,12.2,39997,52,49,18.6,40358,72.3,63,10.2
20,1_BEF,1,20,J21,J,MID,39296,39,17.7,971,39635,85,76,24.4,39996,96,91,30.1,40346,79.4,77.5,26
21,1_BEF,1,21,S6,S,SOUTH,39303,46,32.9,1638,39632,101.5,94,45,39996,96,100,46.9,40358,82.4,78,86.4
22,1_BEF,1,22,E25,E,MID,39287,30.5,2.3,63,39616,56,39.5,7.7,NA,NA,NA,NA,NA,NA,NA,NA
23,1_BEF,2,1,S19,S,SOUTH,39293,59,33.3,1823,39621,117,120.5,47.2,39986,94,88.5,32.6,40350,94.4,82,36.4
24,1_BEF,2,2,J11,J,MID,39293,50,41.8,2980,39618,100.5,88.5,28.1,39982,81,78.5,43.8,40350,83.1,78,42.5
25,1_BEF,2,3,S15,S,SOUTH,39303,72.5,12.9,589,39635,107.5,102.5,14.2,40000,97,96.5,38.6,40358,96.3,88,25.5
26,1_BEF,2,4,S9,S,SOUTH,39303,52,19.6,998,39630,105,101,17.4,39988,87,78,29.2,40358,87.6,82,38.3
27,1_BEF,2,5,C19,C,NORTH,39295,34,6.8,344,39621,105.5,98.5,19.6,39993,91,88,7.7,40347,83.9,78,15
28,1_BEF,2,6,E2,E,MID,39296,27.5,0.8,19,39623,53,47,0.9,NA,NA,NA,NA,NA,NA,NA,NA
29,1_BEF,2,7,J24,J,MID,39298,59.5,8.8,335,39628,104.5,101,16.2,NA,NA,NA,NA,NA,NA,NA,NA
30,1_BEF,2,8,C19,C,NORTH,39286,44,6.1,353,39623,68,70.5,11.1,40003,74,83.5,1.3,40369,63.5,70,2.8
31,1_BEF,2,9,T15,T,SOUTH,39307,47,31.9,1631,39638,103.5,97,48.2,NA,NA,NA,NA,NA,NA,NA,NA
32,1_BEF,2,10,A6,A,NORTH,39284,34.5,0.5,0,39613,49.5,58.5,8.2,NA,NA,NA,NA,NA,NA,NA,NA
33,1_BEF,2,11,S23,S,SOUTH,39299,60,9.7,487,39638,106.5,100.5,27.7,40007,106,95,32.5,40350,94,82,31.9
34,1_BEF,2,12,J7,J,MID,39291,52.5,28.6,1987,39635,120.5,116,31.1,40004,119,119,16.2,40353,94.6,83,65.5
35,1_BEF,2,13,T1,T,SOUTH,39293,48,19.3,1221,39628,91.5,89.5,19.6,39996,91,91.5,27.1,40352,72.8,70,50.1
36,1_BEF,2,14,E15,E,MID,39288,40,10.6,458,39609,53.5,53,17.1,NA,NA,NA,NA,NA,NA,NA,NA
37,1_BEF,2,15,E11,E,MID,39295,34,0,0,39619,55.5,53,8.7,39990,56,48.5,0.7,40358,28.1,31,0.6
38,1_BEF,2,16,E15,E,MID,39285,27.5,2.6,105,39626,54,48,3,39993,51,49.5,0.6,40345,41.2,46,0.1
39,1_BEF,2,17,E12,E,MID,39293,37,0.2,2,39621,51,43,1.7,NA,NA,NA,NA,NA,NA,NA,NA
40,1_BEF,2,18,J1,J,MID,39304,66,5.4,153,39638,128.5,119,20.8,40008,109,98.5,8.3,40364,85.7,85.5,8.5
41,1_BEF,2,19,S14,S,SOUTH,NA,NA,NA,0,NA,NA,NA,NA,NA,NA,NA,NA,NA,NA,NA,NA
42,1_BEF,2,20,C30,C,NORTH,39288,38.5,4.5,215,39623,81,79.5,15.7,39989,69,70.5,11.4,40350,71.4,66,6.6
43,1_BEF,2,21,C28,C,NORTH,39287,53,0,0,39614,103,84.5,16.6,39987,51,73,4,40347,74.4,72,9.9
44,1_BEF,2,22,S19,S,SOUTH,39309,50,1,18,39640,119.5,110,23.5,40010,100,90.5,6.2,40361,78.8,76,0.8
45,1_BEF,2,23,A20,A,NORTH,39289,43,0,0,39621,71.5,61,27.1,39987,52,46,6.8,40346,62.8,59,8.7
46,1_BEF,3,1,E17,E,MID,39287,38.5,NA,0,39612,66,NA,NA,NA,NA,NA,NA,NA,NA,NA,NA
47,1_BEF,3,2,E30,E,MID,39298,34,NA,0,39617,65.5,NA,NA,NA,NA,NA,NA,NA,NA,NA,NA
48,1_BEF,3,3,A15,A,NORTH,39294,44,1.5,64,39630,44,40,0.4,NA,NA,NA,NA,NA,NA,NA,NA
49,1_BEF,3,4,C18,C,NORTH,39275,25,3.9,114,39616,82,87.5,24.1,39993,66,62,4.3,NA,NA,NA,NA
50,1_BEF,3,5,C1,C,NORTH,39319,53,6.5,340,NA,122.5,117,9.9,40014,124,126.5,13.9,NA,NA,NA,NA
51,1_BEF,3,6,J18,J,MID,39305,65,1.3,41,39650,92.5,83.5,3,40007,99,91,14.5,40360,74.8,69,6.5
52,1_BEF,3,7,J25,J,MID,39293,67,40.9,2283,39623,97.5,88.5,37,39983,78,103,68.5,40350,106.3,88,95.1
53,1_BEF,3,8,E2,E,MID,39300,43,0,0,39635,65.5,58.5,0.7,40002,50,50,0.4,NA,NA,NA,NA
54,1_BEF,3,9,T6,T,SOUTH,39300,43,11,394,39632,80,69,18.5,39997,76,73,29,40358,78.2,74,101.1
55,1_BEF,3,10,C11,C,NORTH,39296,48,0,0,39630,108.5,99.5,10.6,NA,NA,27.5,0.3,40361,68.7,52,0.8
56,1_BEF,3,11,C13,C,NORTH,39291,54,12.9,649,39621,116.5,116.5,33.3,39993,95,93,12,40353,69.5,66,1.1
57,1_BEF,3,12,C22,C,NORTH,39288,45,6.1,275,39616,79,64,11.4,NA,NA,NA,NA,NA,NA,NA,NA
58,1_BEF,3,13,E27,E,MID,39291,39,6.5,362,39621,81,75,12,NA,NA,NA,NA,NA,NA,NA,NA
59,1_BEF,3,14,S1,S,SOUTH,39303,65,67.9,2503,39635,109.5,105.5,45.5,40000,90,86,56.1,40360,82.1,81,69.9
60,1_BEF,3,15,J22,J,MID,39293,58,19.5,814,39628,103,98.5,27.2,39989,100,98.5,43.1,40351,93,86,15.9
61,1_BEF,3,16,J15,J,MID,39287,57,24.2,1455,39630,121,117.5,35.9,39995,137,126,34.6,40358,100.2,93,38.9
62,1_BEF,3,17,J9,J,MID,39296,63,11.6,469,39630,116.5,108.5,15.9,40000,100,98,16.8,40358,105,90,46.3
63,1_BEF,3,18,C30,C,NORTH,39287,25,0,0,39617,52.5,48,0.6,40008,43,37,0,NA,NA,NA,NA
64,1_BEF,3,19,S2,S,SOUTH,39321,65,14.9,479,39653,132.5,125,21.6,40017,121,110,35,40369,105.7,96,34.9
65,1_BEF,3,20,E24,E,MID,39293,29,NA,0,NA,NA,NA,NA,NA,NA,NA,NA,NA,NA,NA,NA
66,1_BEF,3,21,C15,C,NORTH,39291,39,4.9,317,39623,103,95.5,30,39997,84,64,2.8,40359,87.3,82,5.3
67,1_BEF,3,22,J17,J,MID,39287,36,16,773,39623,85,81.5,37.8,39993,63,62,8.4,40350,74.3,67,7.4
68,1_BEF,4,1,S17,S,SOUTH,39300,54,49.4,2099,NA,NA,NA,NA,NA,NA,NA,NA,NA,NA,NA,NA
69,1_BEF,4,2,C17,C,NORTH,39282,42,8.6,333,39608,70,69,24.7,39998,69,67,0.3,NA,NA,NA,NA
70,1_BEF,4,3,C14,C,NORTH,39291,54,NA,0,NA,NA,NA,NA,NA,NA,NA,NA,NA,NA,NA,NA
71,1_BEF,4,4,S4,S,SOUTH,39304,49,19.9,1080,39638,108,105,16.9,39997,104,90,23.8,40352,88.8,81,38.7
72,1_BEF,4,5,S23,S,SOUTH,39303,47.5,0,0,39638,90,87.5,2.9,40004,86,81,3.1,40358,74.9,67,8.1
73,1_BEF,4,6,S2,S,SOUTH,39316,67,0,0,39650,139.5,133.5,25.7,NA,NA,NA,NA,NA,NA,NA,NA
74,1_BEF,4,7,C2,C,NORTH,39286,35,28,1846,39613,79.5,74,21,39990,56,50,2.2,40359,70.9,65,1.8
75,1_BEF,4,8,A2,A,NORTH,39288,34,10,677,39618,59,52.5,10.9,NA,NA,NA,NA,NA,NA,NA,NA
76,1_BEF,4,9,E30,E,MID,39286,26.5,2.6,104,39616,46,43.5,7.6,NA,NA,NA,NA,NA,NA,NA,NA
77,1_BEF,4,10,J7,J,MID,39307,51.5,14.7,671,39632,112,102.5,33.1,40004,99,88.5,30.5,40359,101.7,94,19.2
78,1_BEF,4,11,E17,E,MID,39284,28.5,0,0,39614,50.5,46.5,5.8,NA,NA,NA,NA,NA,NA,NA,NA
79,1_BEF,4,12,E12,E,MID,39291,28,0,0,39618,52.5,49,2,NA,NA,NA,NA,NA,NA,NA,NA
80,1_BEF,4,13,J3,J,MID,39307,55,16.2,796,39638,118,112.5,27.4,39997,135,124,37.9,40360,109.9,100,35.1
81,1_BEF,4,14,C2,C,NORTH,39291,43,0,0,39613,75.5,73,8.2,40014,56,NA,NA,40364,64.3,58.5,0.9
82,1_BEF,4,15,T14,T,SOUTH,39307,61.5,4.8,328,39638,110.5,108,23.2,40004,94,87,10.6,40372,83.2,76,16.2
83,1_BEF,4,16,C17,C,NORTH,39285,54.5,9.8,427,39621,97.5,102.5,14.3,NA,NA,NA,NA,NA,NA,NA,NA
84,1_BEF,4,17,J28,J,MID,39294,48.5,10.6,323,39628,94,88.5,21.3,39993,93,89.5,26.4,40352,76.6,72.5,13.1
85,1_BEF,4,18,A18,A,NORTH,39294,25,1.3,59,39611,59,54,11.1,NA,NA,NA,NA,NA,NA,NA,NA
86,1_BEF,4,19,C15,C,NORTH,39300,44,8.5,557,39616,85,81.5,18,NA,NA,NA,NA,NA,NA,NA,NA
87,1_BEF,4,20,E6,E,MID,39287,36.5,0,0,39619,75,69,4.4,NA,NA,NA,NA,NA,NA,NA,NA
88,1_BEF,4,21,E23,E,MID,39321,26,5,310,39618,79.5,72.5,14.9,39993,72,72,2.6,40352,90.8,83,10.2
89,1_BEF,4,22,T15,T,SOUTH,39304,61,6.7,232,39635,98.5,86.5,12.2,NA,NA,65,0.6,40369,61,62,0.6
90,1_BEF,4,23,S10,S,SOUTH,39303,60.5,54.1,1503,39638,113.5,106.5,79.7,39994,113,96.5,79.6,40359,119.6,97,58.9
91,1_BEF,5,1,T11,T,SOUTH,39309,50,0,0,39635,101.5,96,12.2,39996,91,82,3.2,40359,97.8,60,28.8
92,1_BEF,5,2,J10,J,MID,39308,59,5,219,39638,128.5,121,23.7,40004,99,96.5,13.1,40360,75.9,66,3.1
93,1_BEF,5,3,S1,S,SOUTH,39316,59.5,4.1,296,39640,120.5,116,25.5,40003,103,95,21.5,40369,89.7,80,9
94,1_BEF,5,4,S12,S,SOUTH,39305,63,15.8,948,39632,134,129,34.3,40000,117,120,36,40359,98.1,88,28.1
95,1_BEF,5,5,J22,J,MID,39304,50,5.4,259,39623,89,81,19.6,39994,89,66.5,9.7,NA,NA,NA,NA
96,1_BEF,5,6,J26,J,MID,39293,49,9.3,612,39625,110.5,102.5,37.9,39989,85,79.5,39.9,40351,100.1,89.5,24.3
97,1_BEF,5,7,C14,C,NORTH,39318,49.5,0,0,39618,96.5,90.5,36.4,39993,53,50,22.5,40353,69.6,67,1.1
98,1_BEF,5,8,E18,E,MID,39293,24,5.2,170,39609,59,55.5,8.5,39980,23,27,2,40345,49,40,0.6
99,1_BEF,5,9,A6,A,NORTH,39296,37,1.4,63,39619,80,73,20.4,39993,64,62.5,8.3,40352,69.8,48,0.1
100,1_BEF,5,10,S22,S,SOUTH,39323,92,18.1,937,39640,137,121.5,48.6,40003,120,117.5,34.1,40369,90.9,72,17.2
101,1_BEF,5,11,S13,S,SOUTH,39304,55.5,16.9,2105,39643,118,109,26.2,40022,122,109,26.1,40369,113.7,80,14.2
102,1_BEF,5,12,J11,J,MID,39291,43.5,21,1029,39626,76,70,25.4,39993,67,75,29.5,40351,71.9,65,28.9
103,1_BEF,5,13,E13,E,MID,39299,32,2,107,39623,56,66,2.4,39993,56,54,0.5,40360,51.8,60,0
104,1_BEF,5,14,E16,E,MID,39283,33,10.3,489,39611,42,43,12.7,39986,40,42,2.3,NA,NA,NA,NA
105,1_BEF,5,15,E16,E,MID,39293,34.5,3.6,133,39616,56.5,56.5,8.8,NA,NA,NA,NA,NA,NA,NA,NA
106,1_BEF,5,16,S6,S,SOUTH,39303,65,43.2,1890,39632,108,104.5,56.3,40000,93,116.5,65,40358,98.7,86,55.5
107,1_BEF,5,17,S20,S,SOUTH,39300,61,11.2,465,39632,95,90.5,18.7,40002,81,78,6.5,40364,65,61.5,2.8
108,1_BEF,5,18,J15,J,MID,39289,56,21.6,1170,39628,118,112,43.8,39997,98,91,18.5,40358,76.5,73.5,9
109,1_BEF,5,19,A22,A,NORTH,39293,48,6.7,386,39616,80,72.5,21.2,39988,60,55.5,6.9,40352,74.2,66,1.2
110,1_BEF,5,20,S20,S,SOUTH,39307,64,18.8,993,39640,126,117,18.3,40000,106,101.5,45.9,40361,106.6,95,37.2
111,1_BEF,5,21,J17,J,MID,39294,54.5,22.2,1961,39626,106.5,98,32.6,39989,89,82.5,45.7,40352,87.1,80,18.3
112,1_BEF,5,22,S9,S,SOUTH,39308,70,16.8,939,39643,116,110,15.7,40017,111,100,17,40364,101.8,97,9.8
113,1_BEF,6,1,J10,J,MID,39304,61,22.2,1419,39628,117,112.5,76.9,39993,95,77,25.3,40364,80.2,72.5,1.6
114,1_BEF,6,2,A22,A,NORTH,39288,49,11.7,467,39624,77.5,69.5,7.8,39990,67,60,4.6,40351,72.6,69,0.1
115,1_BEF,6,3,T1,T,SOUTH,39294,37.5,15,689,39623,85.5,80,33.3,40000,68,64.5,9.2,40353,71.7,65,52.8
116,1_BEF,6,4,J21,J,MID,39316,56.5,0,0,39635,101,96.5,8.6,40010,73,70,0.1,40366,72,68,0.1
117,1_BEF,6,5,J18,J,MID,39308,75,5,435,39632,131,128,16.8,40000,114,112,22.2,NA,NA,NA,NA
118,1_BEF,6,6,T14,T,SOUTH,39308,40.5,7.6,364,39635,88,79,9,NA,NA,NA,NA,NA,NA,NA,NA
119,1_BEF,6,7,C29,C,NORTH,39299,44,1.6,68,39628,109,102.5,16.2,39995,92,89,3.7,40353,74.8,73.5,2
120,1_BEF,6,8,A20,A,NORTH,39311,29.5,0.2,0,39621,59.5,53.5,6.4,39989,36,NA,NA,40353,50.8,45,3
121,1_BEF,6,9,T10,T,SOUTH,39296,33,16.4,1019,39628,72,65.5,29.4,39993,70,63,26.4,40351,58.1,49.5,55.8
122,1_BEF,6,10,E25,E,MID,39295,29,0,0,39635,64,54,4.2,40001,51,47,0.9,40366,51.6,42,0.1
123,1_BEF,6,11,E18,E,MID,39289,24,6.6,164,39611,48.5,39.5,16.5,39994,30,36,0.8,40359,34.2,32.5,0.1
124,1_BEF,6,12,J25,J,MID,39294,57,10.2,378,39632,115,106,NA,39996,112,118,27.3,40358,76.1,75.5,9.3
125,1_BEF,6,13,S4,S,SOUTH,39304,48,29.8,3211,39638,89,84.5,30.9,39993,117,105.5,47.1,40361,72.2,67,18.6
126,1_BEF,6,14,A2,A,NORTH,39291,29,1.1,109,39609,59,51,8,39983,38,36,4,40345,47.8,47.5,4.5
127,1_BEF,6,15,T2,T,SOUTH,39299,55,15.6,772,39638,96,91,22.6,40007,81,85,11.3,NA,NA,NA,NA
128,1_BEF,6,16,T2,T,SOUTH,39305,46.5,0.8,12,39640,80.5,65,11.8,40010,66,70.5,5.6,40364,81.8,75,3.6
129,1_BEF,6,17,E3,E,MID,39294,32,0,0,39623,47,35,1.1,NA,NA,NA,NA,NA,NA,NA,NA
130,1_BEF,6,18,C28,C,NORTH,39294,57.5,5.1,196,39628,119,113,13.7,39995,76,74.5,7.1,40358,95.3,97,13.6
131,1_BEF,6,19,J3,J,MID,39303,55,14.7,762,39632,119,114,11.4,40003,103,109,23.9,40358,113,105,34.6
132,1_BEF,6,20,J9,J,MID,39303,64,2.5,137,39628,108,103,15.1,39990,116,107,16.2,40351,77,72,0.3
133,1_BEF,6,21,C29,C,NORTH,39293,42,3.4,136,39618,103,100,NA,39982,76,95,5,40353,77,69,1.3
134,1_BEF,6,22,A16,A,NORTH,39293,46,2.1,122,39623,79.5,72,8.4,39993,54,57.5,1.1,40350,68.8,67,1.6
135,1_BEF,6,23,E24,E,MID,39322,30.5,NA,0,NA,NA,NA,NA,NA,NA,NA,NA,NA,NA,NA,NA
136,2_KSR,1,1,T9,T,SOUTH,39332,52,16.1,355,39660,87,82,47.6,40037,122,102,58.9,40387,98,86.2,60.9
137,2_KSR,1,2,C14,C,NORTH,39316,46,8.9,167,39637,84,81,42.5,40022,124.5,111,22.7,40357,94,73,2.2
138,2_KSR,1,3,J15,J,MID,39327,57,46.6,920,39650,97,89.5,85.1,40040,138,109,49.1,40372,116,105.5,91.7
139,2_KSR,1,4,S22,S,SOUTH,NA,NA,NA,0,39683,146.5,136.5,21.8,NA,NA,132.5,1.2,40400,138,134,29.8
140,2_KSR,1,5,T3,T,SOUTH,NA,NA,NA,0,39665,86,76.5,7.8,40040,124.5,109,33.3,40372,97,104,87
141,2_KSR,1,6,S9,S,SOUTH,NA,NA,NA,0,39661,127,113,17.6,40051,144,137,12.2,40388,131,120,61.9
142,2_KSR,1,7,J22,J,MID,39314,48.5,27.6,381,39652,83,76,52.9,40039,102,90,33.4,40372,101,90,56.1
143,2_KSR,1,8,A22,A,NORTH,39310,43,5.9,149,39640,82,80.5,26.9,40023,92,87,5.3,40364,86,86,17.9
144,2_KSR,1,9,J26,J,MID,39307,55,44.2,1633,39648,94,87,84.4,40027,110,99,74.8,40366,98,84.5,69.5
145,2_KSR,1,10,T11,T,SOUTH,39327,54,18.3,534,39652,89,79.5,17.1,NA,110,99.5,25,40368,89,80.5,122.6
146,2_KSR,1,11,C27,C,NORTH,39310,40,13.8,355,39640,81,72,66.6,40026,118,107,11.7,40365,99,85,29.4
147,2_KSR,1,12,S22,S,SOUTH,NA,NA,NA,0,39692,147,132,5.4,40054,148,134,3.9,40401,142,130.5,25.4
148,2_KSR,1,13,S17,S,SOUTH,39337,58,6.1,50,39680,128,122.5,29.9,NA,NA,121,2.2,40392,132,122,34.1
149,2_KSR,1,14,S10,S,SOUTH,39332,58.5,17.6,353,39659,93,82,36.1,40035,115,101,34.5,40379,95,78,43.9
150,2_KSR,1,15,C30,C,NORTH,39298,29.5,16.1,363,39638,83,69,65.5,40012,106,100,48,40357,99,90,24.6
151,2_KSR,1,16,T3,T,SOUTH,39327,51,4.3,84,39647,72,66,22.9,40029,86,72.5,13.7,40364,72,59,17.5
152,2_KSR,1,17,C17,C,NORTH,39302,23,10.3,342,39640,61,57.5,20.4,40006,71,64.5,23.8,40357,66,57.6,4.2
153,2_KSR,1,18,E3,E,MID,39309,39,31.5,1181,39642,79,68,49.7,40010,103,101.5,40.9,40358,106,97.4,79.5
154,2_KSR,1,19,C19,C,NORTH,NA,NA,NA,0,39651,76,91,10.2,40018,93,80,22.8,40366,87,87.8,15
155,2_KSR,1,20,T1,T,SOUTH,39337,44,0,0,39661,73,75,1.1,40027,105.5,106,1.7,40365,96,95.4,14.7
156,2_KSR,1,21,E16,E,MID,NA,NA,NA,0,39636,61,55,36.9,40004,63,53,26.4,40357,57,45,12.4
157,2_KSR,1,22,S10,S,SOUTH,39327,50,16.5,326,39663,106,96,26.2,40040,128.5,113,13.9,40387,130,118.2,89.1
158,2_KSR,1,23,E16,E,MID,NA,NA,NA,0,39643,67,62.5,14.6,40013,79,71,7.9,40367,58,51.3,5.9
159,2_KSR,1,24,S20,S,SOUTH,NA,NA,NA,0,39663,99,92,22.5,40043,116,104,14.4,40392,109,84,52.7
160,2_KSR,1,25,E12,E,MID,39327,78,22.7,572,39650,103,98.5,69.9,40025,111,99.5,19.9,40375,104,88.7,33.8
161,2_KSR,2,1,J15,J,MID,39321,56,42.9,1015,39646,99,90,66.2,40019,127,106.5,90.1,40373,137,123,72.5
162,2_KSR,2,2,E6,E,MID,39298,21,0.5,0,39636,61.5,56,9,40001,75,61.5,12.8,40353,68,57,8.5
163,2_KSR,2,3,E24,E,MID,39317,35.5,2.3,32,39640,72,60,25.2,NA,75,64,0.2,40367,66,58.7,3.4
164,2_KSR,2,4,A7,A,NORTH,39321,31,3.9,42,39638,77,73,40.7,40017,85,75,9.6,40357,67,72.2,2.7
165,2_KSR,2,5,J1,J,MID,39314,56,15.8,492,39650,106,96.5,48.9,40037,109.5,95.5,28.1,40360,106,88.5,34.3
166,2_KSR,2,6,C11,C,NORTH,39314,57,12.2,123,39640,97,90.5,62.2,40027,81,88,18.8,40366,104,77.5,9.7
167,2_KSR,2,7,J9,J,MID,39307,47,36,913,39643,90,83,72.6,40035,104,87.5,42.8,40367,94,86.2,58.5
168,2_KSR,2,8,C30,C,NORTH,39315,42.5,9.9,333,39638,78,86,26.5,40026,99,85,5.2,40357,80,68.5,8.7
169,2_KSR,2,9,A18,A,NORTH,39307,33,1.5,15,39637,78.5,76,17.3,40031,83,68.5,2.2,NA,NA,NA,NA
170,2_KSR,2,10,E15,E,MID,39327,35.5,6.1,140,39636,71.5,63,31.3,40018,59.5,46,5,40360,70,60.2,18.3
171,2_KSR,2,11,E30,E,MID,NA,NA,NA,0,39636,76.5,64,14.6,40027,67,52,1.3,40360,81,67.2,3.6
172,2_KSR,2,12,S2,S,SOUTH,39316,66,21.6,288,39652,97,94.5,46.9,40036,126,109.5,43.9,40374,104,104,42
173,2_KSR,2,13,C11,C,NORTH,39307,39.5,19,263,39636,86.5,81,74.1,40018,116,105.5,29.4,40366,96,80,6.6
174,2_KSR,2,14,J21,J,MID,39316,67,5.7,64,39646,95,88.5,30.1,40028,129.5,118,11.8,40367,97,86,21.8
175,2_KSR,2,15,J10,J,MID,39315,58.5,62.5,2523,39652,92,77.5,91.7,40028,136,121,97,40375,116,99.6,104.7
176,2_KSR,2,16,E4,E,MID,39327,44,15.2,316,39636,75,69,58,40010,85.5,74,25.1,40357,65,63.9,29.1
177,2_KSR,2,17,E23,E,MID,39311,18.5,15.2,217,39636,61,55,48.7,40006,91,77.5,33.8,40357,67,83.8,33.9
178,2_KSR,2,18,E15,E,MID,39303,29,6.5,113,39637,60,49,18.8,40020,80,66,7.5,40357,54,55.7,9.5
179,2_KSR,2,19,C1,C,NORTH,39315,48,19.1,275,39636,96,89,69.5,40019,130,124,28.5,40365,89,101,5.2
180,2_KSR,2,20,C28,C,NORTH,39307,44.5,10,256,39637,79.5,68,42.5,40002,58,46,32.9,40357,67,69.5,3.9
181,2_KSR,2,21,S6,S,SOUTH,NA,NA,NA,0,39646,90,82.5,65.8,40036,116,96,35.7,40371,90,98.5,135.4
182,2_KSR,2,22,J28,J,MID,39327,60.5,34,717,39650,88,73,60.5,40026,120.5,108,70.2,40367,96,100,93.7
183,2_KSR,2,23,A7,A,NORTH,39296,48,7.5,193,39637,72,64,26.8,40016,91,68.5,8.5,40357,67,72,5.8
184,2_KSR,2,24,S19,S,SOUTH,NA,NA,NA,0,39680,145,136,3.3,40037,143,127,12.8,40389,140,142,69.4
185,2_KSR,2,25,C18,C,NORTH,39302,35.5,9.3,217,39645,65,62.5,10.1,40013,80,66,27.1,40360,84,84,6.4
186,2_KSR,3,1,T6,T,SOUTH,39308,53.5,12.2,280,39650,86,77.5,37.2,40023,101.5,92,41.1,40371,106,92,24
187,2_KSR,3,2,J25,J,MID,39307,41,30.8,536,39638,97,85.5,70.2,40012,113,102.5,47.7,40364,105,89,35
188,2_KSR,3,3,J17,J,MID,NA,NA,NA,0,39651,103,89,49.5,40036,144.5,130,31.2,40378,122,96,46.3
189,2_KSR,3,4,A20,A,NORTH,39309,41,12,231,39637,72,60,34.4,40017,81,69,12.5,40353,62,52,6.7
190,2_KSR,3,5,C18,C,NORTH,39309,39,6.2,143,39643,92,78.5,28.1,40023,90,73,21.8,40360,83,66,4.8
191,2_KSR,3,6,T15,T,SOUTH,39337,65,0.9,4,39652,86,75,11.4,40043,96,81.5,2,40374,86,76,1.2
192,2_KSR,3,7,S6,S,SOUTH,39321,57.5,12.2,281,39643,85,73,50.9,40039,106,91,11.5,40372,104,91,75.1
193,2_KSR,3,8,C14,C,NORTH,39327,44,1.1,0,39637,73,64,21.2,NA,82,69.5,0.7,40358,79,70,0.8
194,2_KSR,3,9,J26,J,MID,39327,62,28,635,39650,91,80,69.7,40041,124,108,24.6,40375,98,87,57.6
195,2_KSR,3,10,C13,C,NORTH,39298,54,20.1,311,39640,111,88,55.5,40028,94,86.5,14.1,40358,94,91,11.3
196,2_KSR,3,11,C22,C,NORTH,39301,37.5,18.4,178,39636,94.5,81.5,59.4,40025,115.5,96,13.4,40357,91,84,9.1
197,2_KSR,3,12,A6,A,NORTH,39307,43.5,13.7,173,39636,73.5,64,30.7,40017,73,56,5.7,40358,71,60,10.6
198,2_KSR,3,13,A2,A,NORTH,39311,37,0,0,39640,64,59,13.4,40017,64,47,5.6,40360,58,59,0.1
199,2_KSR,3,14,C27,C,NORTH,39311,50,15.3,486,39640,99,89,54.7,40028,104,85.5,15.8,40360,101,96,10.5
200,2_KSR,3,15,E4,E,MID,NA,NA,NA,0,NA,NA,NA,NA,NA,NA,NA,NA,NA,NA,NA,NA
201,2_KSR,3,16,C20,C,NORTH,39303,29,1.8,28,39643,70,63.5,19.3,40016,79,69,10.4,40362,67,70,1.8
202,2_KSR,3,17,C28,C,NORTH,39327,30,4,35,39640,69,64.5,15.5,40028,86,75,6.3,NA,NA,NA,NA
203,2_KSR,3,18,C29,C,NORTH,39307,38.5,22.4,355,39643,90,81.5,42.8,40018,113,100,27.5,40366,75,73,13.7
204,2_KSR,3,19,C15,C,NORTH,39321,41,19.9,421,39640,86,82,45.6,40021,102.5,98.5,33.2,40366,88,88,18.4
205,2_KSR,3,20,J11,J,MID,39301,47,70.1,1431,39646,92,88,81.2,40017,126,110,54.6,40371,117,105,55.8
206,2_KSR,3,21,S17,S,SOUTH,39327,64.5,27.8,649,39665,114,104,22.4,40038,134,123,21.6,40386,125,110,31.9
207,2_KSR,3,22,J24,J,MID,39311,51,6.9,286,39638,78,70.5,39.7,40032,101,91,14,40368,71,64.2,9.9
208,2_KSR,3,23,C2,C,NORTH,39301,28,3.4,52,39640,73,63.5,19.9,40021,91,79,12.2,40364,81,69,2.6
209,2_KSR,3,24,J7,J,MID,39314,51,31.9,1283,39638,77,65.5,82.2,40018,99,89,43,40364,85,79,59.6
210,2_KSR,3,25,S15,S,SOUTH,NA,NA,NA,0,39657,128,111,28.4,40047,146,134,9,40389,131,119.6,10
211,2_KSR,4,1,T14,T,SOUTH,NA,NA,NA,0,NA,NA,NA,NA,NA,NA,NA,NA,NA,NA,NA,NA
212,2_KSR,4,2,J21,J,MID,39310,48,11.9,241,39642,78,70.5,24,40029,116,104,15.7,40361,97,78,24.2
213,2_KSR,4,3,A6,A,NORTH,39321,45,0.7,0,39642,82,71,23.6,40015,76,65.5,3,40364,68,51,0.9
214,2_KSR,4,4,E3,E,MID,39308,18.5,0.5,0,39631,59,54,19.8,39999,53.5,44,1.2,40352,56,48,4.6
215,2_KSR,4,5,C22,C,NORTH,39298,28,8.2,169,39638,69,60.5,33.9,40021,66,56,10.7,40358,73,67.5,2.7
216,2_KSR,4,6,T1,T,SOUTH,39337,37,0,0,39647,69,62.5,9.6,40029,69,56.5,4.6,40371,64,52,0.6
217,2_KSR,4,7,E6,E,MID,39301,25,2.9,55,39637,74,66.5,31.1,40016,90.5,84.5,3.4,40360,64,57,7.4
218,2_KSR,4,8,E25,E,MID,39298,22,5.4,109,39636,66.5,62,37.4,40019,63,51,8.4,40358,53,52,6.5
219,2_KSR,4,9,A16,A,NORTH,39307,34.5,3.3,24,39639,60,61.5,16.9,40012,81,75,12.3,40354,61,53,7.2
220,2_KSR,4,10,A15,A,NORTH,NA,NA,NA,0,NA,NA,NA,NA,NA,NA,NA,NA,NA,NA,NA,NA
221,2_KSR,4,11,E18,E,MID,39321,39,0,0,39647,62,63,4,40010,81.5,83.5,12.5,40360,61,63,5.8
222,2_KSR,4,12,S13,S,SOUTH,39327,56,2.1,15,39684,108,94.5,2.8,40050,112,99,1.4,40387,113,101,2
223,2_KSR,4,13,A2,A,NORTH,39303,45.5,4.7,79,39637,66,63,11.5,40008,74,64,8.1,40364,78,63,2.5
224,2_KSR,4,14,T11,T,SOUTH,NA,NA,NA,0,NA,NA,NA,NA,NA,NA,NA,NA,NA,NA,NA,NA
225,2_KSR,4,15,J1,J,MID,39316,56,31.5,775,39642,82,76,72.8,40024,131,119,69.6,40371,103,82,53.8
226,2_KSR,4,16,S13,S,SOUTH,39321,49.5,14.8,396,39645,95,84,64.3,40031,132.5,125,26.8,40374,106,102.8,26.7
227,2_KSR,4,17,E2,E,MID,39327,29,2.9,39,39640,58,53,27.9,40017,73.5,60,5.8,40364,48,52.2,12.8
228,2_KSR,4,18,S9,S,SOUTH,39321,57.5,18.2,216,39657,114,118,78.2,40028,147,134.5,50.5,40385,116,89.6,84.2
229,2_KSR,4,19,E11,E,MID,39308,29,0,0,39640,60,55.5,12.2,40010,68,59,3.9,40358,47,43.6,3.6
230,2_KSR,4,20,A11,A,NORTH,NA,NA,NA,0,NA,NA,NA,NA,NA,NA,NA,NA,NA,NA,NA,NA
231,2_KSR,4,21,T6,T,SOUTH,39337,51,22.1,589,39651,87,78,50.8,40024,98,89.5,45.4,40371,87,79.1,51
232,2_KSR,4,22,S19,S,SOUTH,NA,NA,NA,0,NA,NA,114,2,40042,121,109.5,2.8,40392,103,91.6,8.3
233,2_KSR,4,23,T10,T,SOUTH,39310,33,15.4,189,39640,82,72,39.5,40006,70,56.5,37.2,40364,77,64.7,48.7
234,2_KSR,4,24,C19,C,NORTH,39303,42.5,6.8,139,39636,91.5,78,28.3,40002,82.5,73.5,28.4,40357,98,95.7,3.5
235,2_KSR,4,25,E12,E,MID,39327,28,11.9,258,39636,64,57,39.5,39999,59,49.5,28.4,40357,41,39.1,10.3
236,2_KSR,5,1,J3,J,MID,NA,NA,NA,0,39642,95,85.5,65.5,40015,125,119,77.8,40366,111,100.8,67.2
237,2_KSR,5,2,T10,T,SOUTH,39308,37,5.2,64,39639,106,100,30,40023,100,90.5,7.8,40366,104,85.3,7.9
238,2_KSR,5,3,E25,E,MID,39308,23,0.4,0,39636,66.5,60.5,31.7,40006,64.5,69,6.2,40351,55,51,12.6
239,2_KSR,5,4,S4,S,SOUTH,39317,58,10.8,337,39650,99,98.5,25.5,40043,120.5,109,18.8,40394,111,89.5,84
240,2_KSR,5,5,T15,T,SOUTH,39327,50,2.5,28,NA,NA,82,13.1,40029,116,105.5,22,40372,90,87.5,6.5
241,2_KSR,5,6,J24,J,MID,39309,50,39.9,747,39643,88,88,65.7,40002,101.5,100,80.5,40364,93,86.5,72.9
242,2_KSR,5,7,S1,S,SOUTH,39337,77,21.2,538,39664,117,107.5,48.2,40043,142.5,129.5,13,40392,120,117,49.2
243,2_KSR,5,8,E18,E,MID,39327,35,8.5,148,39636,56.5,58.5,30.6,40017,67.5,58,11.2,40364,66,66.2,22
244,2_KSR,5,9,T9,T,SOUTH,NA,NA,NA,0,NA,NA,NA,NA,NA,NA,NA,NA,NA,NA,NA,NA
245,2_KSR,5,10,S14,S,SOUTH,NA,NA,NA,0,39680,107,101,8.2,40052,121,118.5,0.7,40394,116,87.5,3.2
246,2_KSR,5,11,C2,C,NORTH,39315,41,7.8,226,39637,80,70,28.6,40013,87,77,20.8,40364,90,82,7.8
247,2_KSR,5,12,E23,E,MID,39309,28,10.4,182,39638,76,67,36.6,40018,82,71,20.6,40357,58,52.5,21
248,2_KSR,5,13,E24,E,MID,39310,33,7.1,123,39640,73,65.5,39.5,40030,69,61.5,0.6,40364,61,56.4,20.2
249,2_KSR,5,14,C20,C,NORTH,39311,36,9.2,161,39645,79,76,38.9,40021,89,83.5,15.2,40364,71,67,16.6
250,2_KSR,5,15,S4,S,SOUTH,NA,NA,NA,0,NA,NA,NA,NA,NA,NA,NA,NA,NA,NA,NA,NA
251,2_KSR,5,16,E17,E,MID,39298,28,5.1,103,39636,58,58,24.8,40000,64.5,67.5,13.9,40357,55,46.6,9.9
252,2_KSR,5,17,T2,T,SOUTH,NA,NA,NA,0,39657,85,73.5,11.7,40029,103,94,19.4,40375,80,75.6,15.7
253,2_KSR,5,18,T22,T,SOUTH,NA,NA,NA,0,NA,NA,NA,NA,NA,NA,NA,NA,NA,NA,NA,NA
254,2_KSR,5,19,T2,T,SOUTH,NA,NA,NA,0,39692,80,67.8,1.2,40030,90,83,8.9,40366,78,72.1,5.5
255,2_KSR,5,20,S23,S,SOUTH,39337,51.5,9.4,234,39647,84,76,26.3,40029,125,109.5,21.6,40378,110,109.2,8.3
256,2_KSR,5,21,S23,S,SOUTH,NA,NA,NA,0,39674,143,134,9.4,40037,141,129,5,40392,131,107.7,1
257,2_KSR,5,22,E13,E,MID,NA,NA,NA,0,39637,73,70.5,8,40020,88.5,73,7.1,40359,60,77.5,6.2
258,2_KSR,5,23,J11,J,MID,39327,72,37.1,787,39643,100,97,98.5,40026,125,115,52.7,40375,111,112.5,41.2
259,2_KSR,5,24,E17,E,MID,39327,38,0,0,39642,60,55,4.3,40009,70,65.5,12.1,40367,51,57,4.1
260,2_KSR,5,25,C17,C,NORTH,NA,NA,NA,0,39643,88,81,27.6,40021,109,100,5.8,40367,82,95,1.6
261,2_KSR,6,1,C1,C,NORTH,39307,29,1.4,26,39640,70,66.5,17.8,40013,95,100.5,8.6,40332,67,68.1,0.8
262,2_KSR,6,2,J7,J,MID,39337,51,26.1,649,39647,90,87,23.6,40024,105,97.5,56.6,40366,90,80.2,57.9
263,2_KSR,6,3,C29,C,NORTH,NA,NA,NA,0,39640,79,72,26,40029,108.5,95.5,8.2,40358,93,91.5,2.6
264,2_KSR,6,4,A22,A,NORTH,39321,35,2,17,39642,77,75,6.9,40029,83,77,8.3,40366,72,86.8,1.8
265,2_KSR,6,5,J22,J,MID,39327,50,10.3,246,39640,77,75.5,25.7,NA,87,83,39,40365,89,82.3,42.2
266,2_KSR,6,6,E13,E,MID,NA,NA,NA,0,39646,50,42.5,6.7,40007,66,65.5,11.6,40350,61,59.7,10.6
267,2_KSR,6,7,S1,S,SOUTH,NA,NA,NA,0,39664,119,107.5,2.3,NA,NA,111,0,40406,122,111.3,0
268,2_KSR,6,8,T7,T,SOUTH,39311,35,6.9,104,39636,60,56.5,23.7,40013,74,58,18.6,40360,61,52.8,4.8
269,2_KSR,6,9,J25,J,MID,39301,30.5,12.1,232,39642,76,75,44.1,40016,101,91.5,57.1,40368,81,67.5,53.4
270,2_KSR,6,10,C15,C,NORTH,39307,36,10.7,145,39642,78,74.5,28.7,40010,76,70,21,40360,80,66,6.5
271,2_KSR,6,11,T14,T,SOUTH,39337,51,3.5,65,39650,88,80.5,20.2,40040,113.5,104,12.4,40373,98,99.8,3.4
272,2_KSR,6,12,A18,A,NORTH,39311,45.5,3.8,31,39643,61,64,10,40027,79.5,68.5,9,40365,65,54,38.7
273,2_KSR,6,13,E30,E,MID,39308,27,0,0,39640,73,67.5,9.8,40004,60.5,55,8.5,40357,66,81.5,9.7
274,2_KSR,6,14,E2,E,MID,NA,NA,NA,0,39642,62,54,10.3,40012,71,66,14.3,40364,47,41,9.9
275,2_KSR,6,15,E11,E,MID,39303,29,29.4,696,39637,68,62.5,39.7,40013,79,71.5,28,40364,56,45,24.7
276,2_KSR,6,16,S14,S,SOUTH,NA,NA,NA,0,39674,104,101,10.3,40046,110,101,0.9,40399,96,87.9,3.9
277,2_KSR,6,17,A12,A,NORTH,39308,44.5,11.2,127,39640,69,61,33,39999,71,66,23.9,40351,69,59.5,9.5
278,2_KSR,6,18,A16,A,NORTH,39315,51,2.2,17,39636,70,64.5,19.8,40007,91.5,83,23.7,40357,69,67.5,9.8
279,2_KSR,6,19,J9,J,MID,NA,NA,NA,0,39645,81,87,15.7,40013,99,87,43.1,40364,86,93,45.6
280,2_KSR,6,20,J28,J,MID,39321,52,17.3,448,39642,85,74,47,40013,94,90,51.4,40376,85,80,28.2
281,2_KSR,6,21,S20,S,SOUTH,NA,NA,NA,0,NA,NA,103,0,40049,132,119.5,0.6,40399,131,126,0.2
282,2_KSR,6,22,J18,J,MID,NA,NA,NA,0,39658,99,96,17.4,40026,130,120,45.2,40378,115,105,69
283,2_KSR,6,23,S15,S,SOUTH,NA,NA,NA,0,39652,82,75,26.3,40036,106,96.5,26.4,40381,84,92,46.8
284,2_KSR,6,24,S2,S,SOUTH,NA,NA,NA,0,39665,105,103,11.4,40035,133.5,125,18.6,40378,126,115,60.1
285,2_KSR,6,25,J10,J,MID,NA,NA,NA,0,39661,131,106.5,67.4,40035,148,142,113.4,40379,127,99.4,120.1
286,3_Timmins,1,1,C18,C,NORTH,NA,NA,NA,0,39661,68.5,66.5,8.2,40035,74.5,66,7.1,40385,75,71,5.3
287,3_Timmins,1,2,E3,E,MID,NA,NA,NA,0,NA,NA,38,0,40035,53.5,42,0,40393,46,42.5,0.2
288,3_Timmins,1,3,S1,S,SOUTH,NA,NA,NA,0,NA,NA,91,0,NA,NA,78,0,NA,NA,69,0
289,3_Timmins,1,4,A6,A,NORTH,NA,NA,NA,0,NA,NA,NA,NA,NA,NA,NA,NA,NA,NA,NA,NA
290,3_Timmins,1,5,T2,T,SOUTH,NA,NA,NA,0,39693,92.5,89,0.6,40070,90,76,0,NA,NA,48.5,0
291,3_Timmins,1,6,E23,E,MID,NA,NA,NA,0,39657,69.5,64.5,8.6,40035,53.5,46.5,4.3,40394,71,65,0.3
292,3_Timmins,1,7,T7,T,SOUTH,NA,NA,NA,0,NA,NA,80,0,NA,NA,92,0,NA,NA,58,0
293,3_Timmins,1,8,T1,T,SOUTH,NA,NA,NA,0,39690,76,68,0.4,40044,69,58,0.2,NA,NA,50,0
294,3_Timmins,1,9,C18,C,NORTH,NA,NA,NA,0,39664,108,100.5,34.8,40035,88,85.5,7.5,40389,74,79,5.6
295,3_Timmins,1,10,J9,J,MID,NA,NA,NA,0,39685,123,113.5,0.3,40042,123,114.5,6,40393,92,80,2.8
296,3_Timmins,1,11,E17,E,MID,NA,NA,NA,0,NA,NA,NA,NA,NA,NA,NA,NA,NA,NA,NA,NA
297,3_Timmins,1,12,S6,S,SOUTH,NA,NA,NA,0,39693,99,91.5,0.3,40049,89,82,0,40407,77,72,0.5
298,3_Timmins,1,13,C1,C,NORTH,39368,24,NA,0,39657,127,123.5,38.7,40035,119.5,100,1.3,40399,81,89,9.6
299,3_Timmins,1,14,S14,S,SOUTH,NA,NA,NA,0,NA,NA,110,0,NA,NA,90.5,0,NA,NA,66,0
300,3_Timmins,1,15,C14,C,NORTH,39368,58,NA,0,39652,101.5,95.5,49.5,40023,89.5,86,24.1,40380,59,66,24.5
301,3_Timmins,1,16,T15,T,SOUTH,NA,NA,NA,0,39695,92,88.5,0,40072,82.5,79.5,0.2,NA,NA,57,0
302,3_Timmins,1,17,S19,S,SOUTH,NA,NA,NA,0,39678,125,121,2,40042,119,107,3.7,40407,88,76,3.8
303,3_Timmins,1,18,T14,T,SOUTH,NA,NA,NA,0,39682,118.5,111,0,40042,125,120.5,4.1,NA,NA,94,0.8
304,3_Timmins,1,19,T12,T,SOUTH,NA,NA,NA,0,NA,NA,NA,NA,NA,NA,NA,NA,NA,NA,NA,NA
305,3_Timmins,1,20,E6,E,MID,NA,NA,NA,0,39657,68.5,63,15.3,40025,80.5,70.5,18.8,40385,58,65,3.8
306,3_Timmins,1,21,J10,J,MID,NA,NA,NA,0,39666,105.5,93,27.7,40042,126,120,11.3,40422,91.5,82,0.8
307,3_Timmins,1,22,A16,A,NORTH,39368,50,NA,0,39652,77,73,47.2,40035,83,75,18,NA,NA,NA,NA
308,3_Timmins,1,23,E23,E,MID,NA,NA,NA,0,39661,108.5,103,18,40035,119,112,28.4,NA,NA,NA,NA
309,3_Timmins,1,24,J10,J,MID,NA,NA,NA,0,NA,NA,NA,NA,NA,NA,NA,NA,NA,NA,NA,NA
310,3_Timmins,1,25,A15,A,NORTH,NA,NA,NA,0,NA,NA,NA,NA,NA,NA,NA,NA,NA,NA,NA,NA
311,3_Timmins,2,1,T1,T,SOUTH,NA,NA,NA,0,NA,NA,NA,NA,NA,NA,NA,NA,NA,NA,NA,NA
312,3_Timmins,2,2,J15,J,MID,NA,NA,NA,0,NA,NA,71,0,40064,110,102,0,NA,NA,78.8,0.6
313,3_Timmins,2,3,C27,C,NORTH,NA,NA,NA,0,39678,78,67.5,8.8,40036,104,97,10.9,40410,77,73.5,11.8
314,3_Timmins,2,4,S10,S,SOUTH,NA,NA,NA,0,39695,120.5,98,0,NA,NA,73,0,NA,NA,91.9,0
315,3_Timmins,2,5,S12,S,SOUTH,NA,NA,NA,0,NA,NA,57.5,0,NA,NA,89,0,40413,78,71.2,0.5
316,3_Timmins,2,6,S4,S,SOUTH,NA,NA,NA,0,NA,NA,88,0,NA,NA,88,0,40410,83,68.6,4.6
317,3_Timmins,2,7,A18,A,NORTH,NA,NA,NA,0,39652,64,57,20.7,40021,65.5,65,9.9,40378,56,68.5,7.1
318,3_Timmins,2,8,S23,S,SOUTH,NA,NA,NA,0,NA,NA,NA,NA,NA,NA,NA,NA,NA,NA,NA,NA
319,3_Timmins,2,9,E6,E,MID,NA,NA,NA,0,39654,89,82,17.6,40024,83,73,13.3,40387,67.5,48.6,1
320,3_Timmins,2,10,S4,S,SOUTH,NA,NA,NA,0,39709,162,154,0,NA,NA,108,0,NA,NA,86.2,0.5
321,3_Timmins,2,11,E11,E,MID,NA,NA,NA,0,39657,64.5,57,8.2,40023,69,67,12.6,40378,42,59.2,8.5
322,3_Timmins,2,12,S9,S,SOUTH,NA,NA,NA,0,39691,138,132,2.5,40035,127,125,0,NA,NA,86.5,4.1
323,3_Timmins,2,13,C20,C,NORTH,NA,NA,NA,0,39652,92,84,35.5,40035,117,111.5,15.6,40393,84,93.8,9.2
324,3_Timmins,2,14,J26,J,MID,NA,NA,NA,0,39693,124.5,119,0,40058,125.5,116,0,NA,NA,83.1,0
325,3_Timmins,2,15,S13,S,SOUTH,NA,NA,NA,0,39693,130,121,0.2,40035,140,124,0,NA,NA,76.6,0.3
326,3_Timmins,2,16,C19,C,NORTH,NA,NA,NA,0,39659,102,96,10.6,40035,98,89,14.5,40385,78,72.6,6.1
327,3_Timmins,2,17,T11,T,SOUTH,NA,NA,NA,0,39661,84.5,81.5,9.7,40039,95,85,9.2,40399,65,63.1,1
328,3_Timmins,2,18,E18,E,MID,39368,56,NA,0,39652,117.5,111,58.1,40024,107,100.5,31,40378,81,89.5,22.2
329,3_Timmins,2,19,J26,J,MID,NA,NA,NA,0,39650,69.5,68,22.7,40022,82.5,73.5,18.3,40396,67,52.7,0
330,3_Timmins,2,20,T24,T,SOUTH,NA,NA,NA,0,39668,107.5,101,18,40042,104,98.5,8.8,NA,NA,77.9,1.8
331,3_Timmins,2,21,A6,A,NORTH,NA,NA,NA,0,39675,92,87,1.9,40045,74,67.5,0.4,40399,86,79.3,2.5
332,3_Timmins,2,22,S22,S,SOUTH,NA,NA,NA,0,NA,NA,159.5,0,NA,NA,134.5,0,NA,NA,98.3,1.1
333,3_Timmins,2,23,E15,E,MID,NA,NA,NA,0,NA,NA,NA,NA,NA,NA,NA,NA,NA,NA,NA,NA
334,3_Timmins,2,24,J1,J,MID,NA,NA,NA,0,NA,NA,NA,NA,NA,NA,NA,NA,NA,NA,NA,NA
335,3_Timmins,2,25,C14,C,NORTH,39368,32,NA,0,39654,121,112.5,29.4,40035,114,103,25.6,40389,81,85.5,33.5
336,3_Timmins,3,1,J21,J,MID,39368,70,NA,0,39698,139.5,125,0,40042,129,110.5,0.6,40417,88,97,0.3
337,3_Timmins,3,2,A12,A,NORTH,NA,NA,NA,0,39661,71,68,6,40021,85,80,2.5,40373,60,57.8,1.5
338,3_Timmins,3,3,E13,E,MID,NA,NA,NA,0,39654,72,70,4.7,40023,41,38.5,6.4,40373,53,53,3
339,3_Timmins,3,4,A22,A,NORTH,NA,NA,NA,0,39673,78,76,16.2,40023,77,65,26.6,40385,55,58.7,7.2
340,3_Timmins,3,5,A2,A,NORTH,NA,NA,NA,0,39668,88,77.5,1.6,40024,74,68.5,16.6,40380,72,82,10.2
341,3_Timmins,3,6,A13,A,NORTH,NA,NA,NA,0,39652,73,57.5,22.1,40023,63,54.5,8.8,40385,80,73.5,10.9
342,3_Timmins,3,7,T6,T,SOUTH,NA,NA,NA,0,39678,112.5,108,6.3,40042,104.5,97,4.7,40393,75,83.5,3.7
343,3_Timmins,3,8,S19,S,SOUTH,NA,NA,NA,0,NA,NA,103,0,NA,NA,93,0,NA,NA,85.8,0
344,3_Timmins,3,9,J24,J,MID,39368,62,NA,0,39668,130.5,124.5,25.7,40035,119,118,23.8,40400,82,83,3.3
345,3_Timmins,3,10,T15,T,SOUTH,NA,NA,NA,0,39664,109,99,0.1,40021,98,94,2,40417,76,82,0.8
346,3_Timmins,3,11,C28,C,NORTH,NA,NA,NA,0,39673,107,99,1.9,40035,111,107,2.8,40397,88,71,5.7
347,3_Timmins,3,12,C29,C,NORTH,NA,NA,NA,0,NA,NA,81.5,27.7,40035,NA,42,NA,40401,84,74,4.8
348,3_Timmins,3,13,S20,S,SOUTH,NA,NA,NA,0,39661,133.5,128.5,0,NA,151,NA,12.2,NA,NA,34,0
349,3_Timmins,3,14,C22,C,NORTH,NA,NA,NA,0,39647,90,85,55.3,40021,111,90,28.4,40373,68,73,16.8
350,3_Timmins,3,15,S12,S,SOUTH,NA,NA,NA,0,39695,118.5,NA,NA,NA,NA,122.5,0,NA,NA,82,0
351,3_Timmins,3,16,T6,T,SOUTH,NA,NA,NA,0,39664,83,79.5,17.1,40035,94,86,25.4,40393,73,67,2.1
352,3_Timmins,3,17,E15,E,MID,NA,NA,NA,0,39659,87,84,17.3,40035,93,87.5,11.1,40393,64.5,58,3.4
353,3_Timmins,3,18,S6,S,SOUTH,NA,NA,NA,0,39666,104.5,100.5,5.4,40039,106,100.5,3.1,40407,93,88,1.5
354,3_Timmins,3,19,J21,J,MID,NA,NA,NA,0,39678,103,96.5,4.8,40042,112,106,2,40403,98,90,1.2
355,3_Timmins,3,20,J11,J,MID,NA,NA,NA,0,39659,133,124,2.8,40038,94.5,90,2.8,40385,92,86,4.9
356,3_Timmins,3,21,E16,E,MID,NA,NA,NA,0,39668,132.5,120.5,43,40035,121.5,113,30.8,40395,88,94,1.2
357,3_Timmins,3,22,C11,C,NORTH,39368,47,NA,0,39654,79,73.5,46.8,40053,69,75,51.3,40385,52,60,7.5
358,3_Timmins,3,23,T22,T,SOUTH,NA,NA,NA,0,NA,NA,NA,NA,NA,NA,NA,NA,NA,NA,NA,NA
359,3_Timmins,3,24,T10,T,SOUTH,NA,NA,NA,0,NA,NA,NA,NA,NA,NA,NA,NA,NA,NA,NA,NA
360,3_Timmins,4,1,E17,E,MID,39368,42,NA,0,39657,108,94.5,45.5,40035,104,95,16,40378,87,78,24
361,3_Timmins,4,2,C20,C,NORTH,39368,37,NA,0,39657,93.5,87.5,24,40035,97,NA,NA,40381,78.5,83,16
362,3_Timmins,4,3,J24,J,MID,NA,NA,NA,0,39695,116.5,110.5,1.2,40044,102.5,87,4.5,40402,96,93,1.4
363,3_Timmins,4,4,C2,C,NORTH,NA,NA,NA,0,39657,81.5,76.5,19.7,40035,85.5,98,5.6,40389,96,86,5.3
364,3_Timmins,4,5,E18,E,MID,NA,NA,NA,0,39668,61.5,57,1.2,40035,63.5,78.5,21.4,40402,65,55,0
365,3_Timmins,4,6,C13,C,NORTH,39368,25,NA,0,39650,105,97,47.8,40021,81,56.5,1.7,40401,100,92,20.4
366,3_Timmins,4,7,S20,S,SOUTH,NA,NA,NA,0,NA,NA,NA,NA,NA,NA,NA,NA,NA,NA,NA,NA
367,3_Timmins,4,8,C17,C,NORTH,NA,NA,NA,0,39671,84,82.5,35.7,40035,105,100,5.9,40373,76,67,18.8
368,3_Timmins,4,9,A7,A,NORTH,NA,NA,NA,0,39659,99,90,29.1,40025,75,67.5,0,40378,80.5,88,12.8
369,3_Timmins,4,10,A12,A,NORTH,NA,NA,NA,0,NA,NA,NA,NA,NA,NA,NA,NA,NA,NA,NA,NA
370,3_Timmins,4,11,C1,C,NORTH,NA,NA,NA,0,39659,123.5,116,56,40037,93,83,7,40378,70,100,3.8
371,3_Timmins,4,12,C2,C,NORTH,39368,58,NA,0,39664,95.5,86.5,17.6,40042,83,71,0.4,40393,88,77,5.2
372,3_Timmins,4,13,J18,J,MID,NA,NA,NA,0,39673,142.5,136.5,22.6,40042,124,114,7.6,40401,106,98,3
373,3_Timmins,4,14,E30,E,MID,NA,NA,NA,0,39654,73,67.5,31.9,40023,74.5,66,10.5,40407,59,55,0
374,3_Timmins,4,15,J17,J,MID,NA,NA,NA,0,39678,124.5,115,2.8,40050,99,91,0.4,NA,NA,79,0
375,3_Timmins,4,16,E3,E,MID,NA,NA,NA,0,39647,80,67,28.6,40021,84,74,22,40382,62,57,3.8
376,3_Timmins,4,17,J1,J,MID,39368,80,NA,0,39680,146.5,132.5,6,40053,126.5,120.5,0.2,NA,NA,81,0
377,3_Timmins,4,18,E2,E,MID,NA,NA,NA,0,39664,80.5,69,9.8,40037,84,76.5,9.3,40393,55,59,5.2
378,3_Timmins,4,19,S15,S,SOUTH,NA,NA,NA,0,39680,112,98,0.3,40045,92.5,82,0.5,40413,93,84,0
379,3_Timmins,4,20,J25,J,MID,NA,NA,NA,0,39675,140,129.5,9.4,40044,122,113,5.7,NA,NA,87,0
380,3_Timmins,4,21,S13,S,SOUTH,NA,NA,NA,0,39685,120,105,4.1,40034,91,83.5,0,40407,76,87,0
381,3_Timmins,4,22,J9,J,MID,NA,NA,NA,0,39671,123,112,19.3,40044,124,108.5,15.2,40402,106,101,5.7
382,3_Timmins,4,23,J22,J,MID,NA,NA,NA,0,NA,NA,NA,NA,NA,NA,NA,NA,NA,NA,NA,NA
383,3_Timmins,4,24,S17,S,SOUTH,NA,NA,NA,0,NA,NA,145,0,NA,NA,156,0,NA,NA,NA,NA
384,3_Timmins,4,25,J17,J,MID,NA,NA,NA,0,NA,NA,NA,NA,NA,NA,NA,NA,NA,NA,NA,NA
385,3_Timmins,5,1,T10,T,SOUTH,NA,NA,NA,0,39695,74,63,1.5,40042,77.5,70,13,40382,73.5,77.8,2.1
386,3_Timmins,5,2,T11,T,SOUTH,NA,NA,NA,0,NA,NA,53,0,40044,51,43.5,0.8,40395,62,66.3,0.8
387,3_Timmins,5,3,S17,S,SOUTH,NA,NA,NA,0,NA,NA,97,0,NA,NA,101.5,0,NA,NA,81,0
388,3_Timmins,5,4,C15,C,NORTH,NA,NA,NA,0,39671,84,76,12.9,40024,83.5,76,12.8,40379,65.5,80.6,26.9
389,3_Timmins,5,5,S14,S,SOUTH,NA,NA,NA,0,NA,NA,105.5,0,NA,NA,99,0,NA,NA,58.6,0
390,3_Timmins,5,6,S2,S,SOUTH,NA,NA,NA,0,NA,NA,NA,NA,NA,NA,NA,NA,NA,NA,NA,NA
391,3_Timmins,5,7,J11,J,MID,NA,NA,NA,0,NA,NA,NA,NA,NA,NA,NA,NA,NA,NA,NA,NA
392,3_Timmins,5,8,S1,S,SOUTH,NA,NA,NA,0,NA,NA,99.5,NA,NA,NA,96.5,0,NA,NA,NA,NA
393,3_Timmins,5,9,E8,E,MID,NA,NA,NA,0,NA,NA,NA,NA,NA,NA,NA,NA,NA,NA,NA,NA
394,3_Timmins,5,10,E25,E,MID,NA,NA,NA,0,39661,59,50,7.4,40039,46,40.5,2.8,40399,47,36.5,1.4
395,3_Timmins,5,11,J7,J,MID,NA,NA,NA,0,39690,149,137,1.6,40044,129,120.5,1.7,40410,105,90,1
396,3_Timmins,5,12,C29,C,NORTH,39368,53,NA,0,39657,93.5,85,25.6,40035,77,72,0.2,40388,67,63.3,6.9
397,3_Timmins,5,13,E24,E,MID,NA,NA,NA,0,39664,79,71,6.4,40044,59.5,53,0.2,40393,45,43.5,2
398,3_Timmins,5,14,A16,A,NORTH,NA,NA,NA,0,39652,66,52,16.5,40023,90,76.5,13.2,40385,92,74.6,4.1
399,3_Timmins,5,15,J18,J,MID,NA,NA,NA,0,NA,NA,NA,NA,NA,NA,NA,NA,NA,NA,NA,NA
400,3_Timmins,5,16,A20,A,NORTH,NA,NA,NA,0,NA,NA,NA,NA,NA,NA,NA,NA,NA,NA,NA,NA
401,3_Timmins,5,17,C22,C,NORTH,39368,29,NA,0,39650,89,83,1.2,NA,NA,NA,NA,NA,NA,NA,NA
402,3_Timmins,5,18,C15,C,NORTH,39368,48,NA,0,39652,104,89,58.1,40024,106,95,40.8,40379,51,79.4,12.9
403,3_Timmins,5,19,J25,J,MID,NA,NA,NA,0,39675,124.5,115,6.8,40042,117.5,104.5,29.5,40399,102.5,94.1,2.3
404,3_Timmins,5,20,A22,A,NORTH,NA,NA,NA,0,39652,92,78,40.5,40021,85,89.5,21,40402,87,87.3,36.9
405,3_Timmins,5,21,C30,C,NORTH,NA,NA,NA,0,39650,98,89,77.5,40025,113.5,103.5,15.9,40378,94,87.6,6.6
406,3_Timmins,5,22,E30,E,MID,NA,NA,NA,0,NA,NA,NA,NA,NA,NA,NA,NA,NA,NA,NA,NA
407,3_Timmins,5,23,J7,J,MID,NA,NA,NA,0,39664,164,151.5,35.2,40035,138,132.5,9.2,40393,113,120.4,8.2
408,3_Timmins,5,24,C13,C,NORTH,39368,37,NA,0,39659,118,110.5,50.4,40035,109,103,32.7,40396,91,85.9,11.1
409,3_Timmins,6,1,C17,C,NORTH,NA,NA,NA,0,NA,NA,NA,NA,NA,NA,NA,NA,NA,NA,NA,NA
410,3_Timmins,6,2,E25,E,MID,NA,NA,NA,0,NA,NA,NA,NA,NA,NA,NA,NA,NA,NA,NA,NA
411,3_Timmins,6,3,A7,A,NORTH,NA,NA,NA,0,39673,67,44,0.8,NA,NA,43,0,40403,53,46.5,9.1
412,3_Timmins,6,4,T12,T,SOUTH,NA,NA,NA,0,NA,NA,NA,NA,NA,NA,NA,NA,NA,NA,NA,NA
413,3_Timmins,6,5,S23,S,SOUTH,NA,NA,NA,0,39707,118,117,0,NA,NA,84,0,NA,NA,62.8,0
414,3_Timmins,6,6,E11,E,MID,NA,NA,NA,0,NA,NA,NA,NA,NA,NA,NA,NA,NA,NA,NA,NA
415,3_Timmins,6,7,S22,S,SOUTH,NA,NA,NA,0,NA,NA,NA,NA,NA,NA,NA,NA,NA,NA,NA,NA
416,3_Timmins,6,8,E12,E,MID,NA,NA,NA,0,39657,74,75,5,40035,78,69,6.2,40385,67,64,5
417,3_Timmins,6,9,J25,J,MID,NA,NA,NA,0,39678,115,112,9.5,40042,115,104,14.7,40382,87,90.4,10.8
418,3_Timmins,6,10,C11,C,NORTH,NA,NA,NA,0,NA,NA,66,0,40042,100,96,1.5,40413,72,67.7,0.6
419,3_Timmins,6,11,J28,J,MID,NA,NA,NA,0,39661,101.5,87,14.3,40035,95,89,14.6,40387,80,74.1,7.8
420,3_Timmins,6,12,T3,T,SOUTH,NA,NA,NA,0,NA,NA,NA,NA,NA,NA,NA,NA,NA,NA,NA,NA
421,3_Timmins,6,13,E4,E,MID,NA,NA,NA,0,39652,73,59,19.6,40024,68,60,18.2,40382,63.5,56.7,20.1
422,3_Timmins,6,14,E12,E,MID,NA,NA,NA,0,39657,57.5,44,8.7,40035,68,60,8.8,40385,63,54.8,11.2
423,3_Timmins,6,15,C28,C,NORTH,39368,40,NA,0,39661,110,97,36.9,40035,127,116,12.6,40399,80,71.4,7.8
424,3_Timmins,6,16,C27,C,NORTH,NA,NA,NA,0,39673,76.5,71.5,4.2,40035,73,67.5,4.6,40389,64,60.2,2.5
425,3_Timmins,6,17,E2,E,MID,NA,NA,NA,0,39690,61,55.5,0.4,40035,63.5,62.5,0.4,NA,NA,26.1,0
426,3_Timmins,6,18,J15,J,MID,NA,NA,NA,0,NA,NA,51,0,NA,NA,86,0,40417,82,84.6,0
427,3_Timmins,6,19,E16,E,MID,NA,NA,NA,0,NA,NA,NA,NA,NA,NA,NA,NA,NA,NA,NA,NA
428,3_Timmins,6,20,C30,C,NORTH,NA,NA,NA,0,39664,101.5,96,13.7,40035,90.5,83.5,10.3,40387,79,75.8,6.9
429,3_Timmins,6,21,A18,A,NORTH,NA,NA,NA,0,39657,63.5,52,7.1,40018,68.5,61,6.5,40373,71,67.2,4.5
430,3_Timmins,6,22,T7,T,SOUTH,NA,NA,NA,0,NA,NA,NA,NA,NA,NA,NA,NA,NA,NA,NA,NA
431,3_Timmins,6,23,S10,S,SOUTH,NA,NA,NA,0,NA,NA,NA,NA,NA,NA,NA,NA,NA,NA,NA,NA
432,3_Timmins,6,24,T2,T,SOUTH,NA,NA,NA,0,NA,NA,NA,NA,NA,NA,NA,NA,NA,NA,NA,NA
