"ID","Species","G","C"
"HN2888240.2","C",24.4904914316731,25.1361137658507
"GC9829430.4","C",27.3981271464562,26.5586820272931
"GH5196060.4","B",30.5796435439526,28.542168830436
"HH1686380.4","A",21.8887451535028,19.4041553981145
"GG4335620.2","B",31.8952153873714,31.0397398892479
"HG9120010.2","B",24.8161433701721,22.2579372458721
"HH4948020.4","A",25.24316151549,23.7181670909148
"QG7210060.2","B",24.9873761031046,23.3743594338605
"HC4220530.4","B",18.751588459494,18.3606528126562
"GH9001040.1","C",20.3069154905893,19.8331160419184
"CG6385510.4","A",21.1451118694863,19.1386690002346
"GQ2723170.1","A",19.5299196639468,18.030308131959
"NH4409880.2","C",27.6444490722935,27.3478221717066
"CQ7948760.3","B",26.7106533258543,25.178205675988
"NC4221530.4","C",25.4638831346917,24.1607235874627
"CN4958720.4","C",26.8379040053343,27.3606853411149
"NH7056750.3","C",25.8898543525842,23.9041305720564
"HQ7862380.4","B",33.4556733935096,31.947756222358
"GC3615930.3","C",23.7202545289087,22.7435676582677
"HC6636920.1","B",31.9162836869713,30.8342723585558
"QC7624490.1","B",26.2750584272013,24.657422617938
"NC6050370.2","C",26.313863435384,24.7246631654455
"HG7148420.4","A",23.3461151041775,22.0165484898302
"NC4098240.2","C",25.1824211489214,24.021268575911
"NC8969970.3","A",23.1480471081402,21.6914917820025
"GC4860920.3","B",26.1726769961445,24.3938634908532
"NC9503890.4","B",23.9040254843421,23.5857051690383
"HC7761070.3","B",28.0239375489654,27.0337513327647
"NC8094090.3","C",29.2360301004066,29.0538979766793
"GN8077520.1","C",20.3984005934508,20.277756532613
"HN5217190.1","C",28.8612807585393,26.2000984303595
"NG7763280.4","A",30.6666650403511,29.1553085209554
"GC7928980.1","A",29.5839531898113,27.8333949504688
"GC9706250.3","B",20.4091430511287,20.5079435722104
"QN6222830.3","C",28.6951287311579,28.1282476093522
"CG1027170.3","C",28.5588401891283,25.8269564885857
"NC7389960.1","A",23.6274586675638,21.9399648164256
"HN9799200.1","A",21.9089648554868,19.9064791039687
"NN6411580.1","A",24.084314629679,23.062964759866
"GN8832870.2","A",23.0736123637931,23.1577024322396
"GN9978700.3","C",23.5660052824787,23.0855495764903
"CN5036870.4","C",24.1514883154883,22.8514058200579
"NH4490970.1","A",26.9790747939605,26.0436228985537
"GQ1902810.1","C",19.5581819088655,19.5252795106186
"QQ9337450.3","A",32.7930639384178,30.301873124458
"QC7740110.3","B",31.7406052955719,29.5673803676794
"NH3649650.2","C",24.3117163461474,21.6405746986854
"QG1003060.2","C",25.1821300798001,22.3955968330222
"GH8325580.1","C",24.4565779159139,24.0765921467338
"CG6302670.2","C",17.4098093738103,14.8174690436162
"CG7747380.1","C",26.3725149949087,25.6581293629699
"GH8587040.2","B",23.8516950955739,24.36710683469
"HG7114160.4","B",26.3932461095146,25.3251605886686
"NN2186760.3","A",25.5893734936243,23.5268119276137
"NH1303190.4","B",15.8919261537078,14.467469841538
"QN4541530.1","A",33.0647304158781,31.7263405295982
"CH9182060.4","C",25.8813896880647,24.1996581084073
"QN9604280.3","B",31.9230752741021,31.6382881043196
"HN2871010.2","C",24.3440244848161,22.0420092301957
"GQ2805960.1","A",28.9237388128448,26.8950235960142
"GC4808470.2","A",21.8385882610115,19.3744404245908
"NG3515450.1","C",28.8802531990675,27.4195173947679
"CC8050040.2","A",27.3740633772248,25.8211054233706
"CC1351010.4","C",25.2145739751085,25.1854336655642
"QN1703270.3","A",26.230869823951,23.9054344877171
"CQ5750310.3","C",23.4071835678525,23.0689987610667
"HQ6388650.4","C",24.2456752363894,22.7416935763293
"GN4341200.4","B",18.9395289320293,18.3144928863925
"NQ2431630.1","C",22.41516972069,22.9398537065228
"GC3043300.2","C",30.195490206785,28.7187001683717
"GH9784020.4","C",20.5867033426219,19.8844760542295
"CQ7717220.4","B",27.4296019588821,27.2479134808208
"QN7100240.2","B",21.7084005424434,20.7514201425742
"HQ2367500.2","C",31.6551908607143,31.2211011712608
"NC3815980.3","A",23.3972585840928,21.6224076946061
"HG7908340.2","B",31.3430108989733,29.8737119096475
"HC3507620.4","A",18.6402466981165,15.9166722266924
"CC6391730.4","A",23.11806756985,20.956936708719
"NG5478420.3","A",28.4253677856801,27.2883767117544
"NC7879760.1","A",22.1464476629765,23.4039970133881
"CG3965050.4","C",26.0091641737726,24.2362870782895
"NQ8720790.3","C",25.5235645964644,23.9052946906344
"QN1139040.1","B",23.512506502271,21.5934019128849
"CC9690100.4","C",31.0230478892607,31.2042306265549
"QG9267880.4","B",21.9407940679727,21.1477900669204
"QN4519860.3","C",27.409192484123,22.9560243738121
"QQ1469930.3","B",29.3779780875347,27.7906395558773
"GQ5860620.1","B",26.0366009420003,27.2363878594288
"NN5574650.3","A",21.2229981628674,19.60607668426
"GQ7758310.3","C",19.6155813178011,17.2911067901501
"CN7600140.1","B",24.788344420444,22.2208775544165
"HG7403470.3","B",19.6443158345989,19.0476627322091
"QG1102680.1","A",22.3288562556301,20.5177085146825
"HQ1305750.3","B",28.5000864289984,27.4119842058481
"QQ7621670.4","B",28.5936981997321,25.676283628427
"QC8459430.2","A",35.9861842413195,34.2070335999054
"HH9890510.1","A",27.020922895468,26.12078786431
"QG8256410.2","A",23.2088279407604,22.856411188542
"NN8953570.4","B",25.6646837103284,25.2964869555929
"CQ9516290.3","C",28.5899269648666,26.4675085492093
"NH6547920.2","A",28.7345873739239,27.8093448148453
"CG8702500.3","A",21.2550908380436,21.4848640606995
"HQ5956660.4","A",25.5864882179818,25.0575577365875
"HH9099550.2","C",21.5922674181102,19.4205218764498
"QH4843770.2","B",20.9837981527102,19.2531791008481
"QN8049330.2","C",22.3327072399487,21.8375883225688
"CQ6129570.1","C",27.9973576169548,26.7958482517246
"NH4481410.2","B",29.182213034456,27.0978812098386
"NC1162130.1","B",30.0384400503904,29.6738246951712
"NC6867020.2","A",28.404496295352,27.4708316309176
"CQ8553910.4","B",20.674242612189,18.7526962973976
"QC7550390.4","C",23.4318003670567,21.4330409770356
"NG3088120.1","C",22.4082993436689,22.4870630261511
"QQ4043800.3","B",34.5274833617477,32.523023471501
"GG7412510.3","B",22.8356639557746,22.6098302174935
"NN1080220.2","A",37.8183069013834,34.7405956952371
"CH9651890.4","A",25.9875485256077,25.3118566865174
"GN5307390.3","A",23.9925872218416,22.8331548970307
"NG4488980.3","C",22.3555959757746,21.5500295034005
"QC3281320.1","B",24.3106298352247,22.2995388197896
"QC6152540.2","B",27.511727105529,26.2202355296326
"CQ4883700.3","B",22.9920774450195,20.3421684761032
"CQ3205570.2","A",27.4147302550358,26.9477806533517
"QN5865870.3","A",27.6899122476881,26.1962127416291
"NC4796690.3","C",31.593758983292,30.7583981049978
"GH2832880.1","A",26.5161221517952,25.8704070247692
"NH6207240.1","C",16.8221282055224,17.57279067683
"NN3201040.1","B",18.3099872396849,18.5839205997929
"CQ9441370.2","C",23.2509534912065,22.9037480452327
"CG9120800.4","A",24.109790788351,24.0484108022543
"CN4668870.4","B",29.4968349785799,27.9484613258297
"NC8755060.2","B",23.4545889819746,21.4642404286699
"QQ2473960.3","B",31.1108786173664,27.650809662216
"GH1345980.3","B",28.885952458402,27.5890457691605
"NQ9699040.1","C",29.4552073973365,26.4551010613466
"NQ7041190.3","B",26.8071835783695,26.0749329595722
"HN5093540.4","B",29.1162805121409,26.1490999853507
"GC9533380.2","B",16.4149424310876,15.4010479154419
"QN9185270.4","C",31.2621975397818,29.1474041035901
"CN2504590.2","C",24.1404390234765,23.005642138434
"QC4430060.2","A",23.1993405458023,20.5169207811234
"QC8747750.1","A",30.2119484870339,28.3009603517992
"NQ8988350.4","B",24.0393967250086,23.305523495432
"QN4530050.2","C",24.4071711171824,24.3983527128342
"CN9296980.2","A",28.2463483399189,24.9544144968354
"QC6704360.4","B",32.3255471292666,28.6695521038172
"GQ8386350.3","B",22.4778151626462,21.1710083581226
"HH7518120.1","A",27.7567170830875,26.1045097964567
"CC3476460.1","B",28.8562052493479,25.87598967787
"HN7294300.1","A",31.382588137346,30.0865777643274
"GC4050190.2","A",25.5099054940817,24.8243337662577
"QQ7496390.4","A",32.7447604108224,30.5492499338786
"QN8673500.1","B",28.671710412259,27.161311012881
"HQ8622720.2","B",25.9662457882929,24.970859647274
"HC6623750.3","B",24.4132519981048,23.7073764973671
"QN5991550.3","C",35.2624525320832,34.2115675858718
"QN6817960.3","B",25.5923758521035,25.4750567398942
"HQ5755560.1","C",19.5548125456749,17.2231421687533
"QH3802160.2","A",26.6126143962345,24.9788408280171
"CC7857720.1","C",29.2019019877125,27.9182682096332
"QN4590920.2","A",22.2873145914721,19.7814393118058
"QN8020110.3","A",38.7841900911465,36.3263500973225
"GQ9399530.2","B",23.1173886446956,22.5831154153704
"QH7025560.4","C",24.820171777762,24.3104399430192
"NH4053550.4","C",31.9041181271041,32.0321535038663
"HH5136060.1","A",27.3579887197136,25.7506031445851
"GQ8576170.4","C",19.6152000469631,16.199727341119
"CH3598960.3","C",27.0104477422573,25.4753658730616
"QH2524250.4","A",29.5581536656502,28.2375327170113
"HC6693800.1","C",24.4467552291481,24.2745722646357
"GG8270790.2","C",21.1947753823016,20.6657455294812
"CC1082080.3","C",22.4489213739272,22.0651801571076
"HQ6327700.1","B",28.0877341162926,27.1089298674594
"GC8540720.4","A",18.6920064420055,17.8496854096156
"QG5469810.3","B",28.3676715924716,25.7002709851204
"HN9173920.2","A",23.8491537045356,21.8959416843318
"NN4215870.1","A",27.1227203259115,26.7771530424953
"GN7896890.4","B",29.0275829985535,27.4087923817034
"GG7863890.3","C",20.2454569290339,17.85738604422
"QN1520900.2","A",26.8558887228027,25.6282146460994
"HC2559140.3","B",26.9134019170443,25.1853412633368
"QN6729240.1","A",19.9883026121224,17.3568835690284
"CN3720480.2","A",32.9474480759552,31.8393714612979
"GH7062640.1","C",24.7138851356503,23.0458030926865
"GH1836910.4","B",17.9137401987511,16.5101627544828
"GQ1271760.1","C",22.9715351653396,21.3163700037043
"HN5037110.2","A",33.2490348831947,31.9833426574117
"CH4873990.1","C",29.4641767107488,27.5654103660149
"HC7344020.1","B",28.2615660120672,26.3745274234577
"GN7081310.2","A",26.0309368615847,25.1599627675274
"CG3176140.3","C",26.144364120427,23.0209979386336
"HQ8432900.2","A",25.1713958689655,23.9969628911195
"HN6409960.4","B",24.2870508093972,22.7112530350182
"QN5452360.4","C",18.2158657886221,15.1788042778439
"QG3410550.2","A",26.5658888548283,25.9932083429078
"NQ5081770.3","A",20.3512929755249,18.4433102029423
"CQ5186460.2","A",22.6573388106049,21.5421730328803
"GN2545580.2","C",26.7050102598652,26.0322192268043
"GN1948740.1","A",19.4163111688603,15.5464070807714
"HQ5908310.3","B",24.77186436347,24.0417783070694
"GN6765510.4","C",22.3958045668675,19.518329219013
"CQ4297170.3","A",27.5450794282547,25.773260565933
"GN7944450.3","C",30.5270511853177,26.4209539578606
"QQ3363370.1","B",22.0787025328092,21.4868429113848
"NH6956560.2","C",20.2713321848002,18.7247071115459
"HG8863780.2","C",21.7822790015032,21.1440042279955
"NH9490930.2","C",28.7514632646719,28.5724470113335
"NH4304970.4","A",21.5160823013408,18.8131454955364
"HG8547950.3","A",24.235574007451,22.813252508639
"CC2210830.4","C",23.1028335933533,23.2369588187396
"HC6987020.1","C",19.8794715165995,20.0840209625832
"CC5152520.4","A",30.7195939363825,27.752960567495
"CN2398850.4","B",20.2865214397159,21.17785424644
"CG4864240.3","A",22.3136445382354,23.4455945855829
"NC6085540.4","A",24.8204936010517,23.9355899535167
"HC8999910.3","A",26.8456588751943,25.2609264398833
"GC6875530.1","B",24.4868844428586,22.8551810238378
"QH5101210.4","C",29.7043671039855,28.0944719970396
"NN9527300.2","A",29.7907264917478,29.5286926042299
"HG4713460.2","C",36.0952932035794,35.3603474363775
"GH5139090.2","A",20.8126515409085,19.6926019335173
"CQ9505710.2","C",21.2228334809847,18.8693016307926
"HC6779580.2","A",27.803626104683,25.5353931682498
"GQ8181470.4","B",22.3060474308785,21.5688006767381
"GH4424770.2","A",20.9815793343269,19.0162283073956
"GH6947850.4","A",27.2232947274651,24.9083270449243
"NH2297310.4","A",30.1544232977197,28.6270567477768
"GC4295260.3","C",31.9231794201006,29.9613871839825
"NH6202410.4","A",32.9912310986528,31.111404767208
"CG1167870.3","C",26.658234182359,23.5482658318848
"NC2325730.2","B",24.4812746453723,23.6345365000948
"QN5390560.2","B",21.3929761249656,18.8318168879706
"GN3893840.2","A",18.8388266315702,18.8104995561889
"CN5890600.1","C",31.4201387128919,29.795399286872
"QC1047200.2","B",21.8378450538784,21.3425218482756
"CG5651610.4","C",21.1413712434377,19.5358961654107
"GQ8758620.2","A",24.1124955383855,21.3736278019099
"HH7346640.2","B",35.3668077904587,34.7405261840545
"QH3149180.4","A",26.8137666534407,26.8231379190704
"CC6646820.2","A",23.0107023419321,19.2324656268967
"QQ1982510.3","B",16.3031009211957,16.7166910277771
"NC1095420.2","A",24.8255786264127,23.5150777109578
"HG3170260.3","C",30.3681344007017,26.9187882676699
"HQ1698810.3","B",24.9658668822328,23.9130090884954
"QN9980650.4","C",25.9212558657427,24.5438025228208
"HG1629310.4","A",30.4526159327392,28.3863312181605
"QQ5375260.4","A",30.137376417883,30.7650394387888
"NC2346630.2","B",26.198852482093,25.0268777403202
"NN3211370.1","A",23.1165605765964,21.9532172620048
"CC7208140.3","A",21.3131524099355,20.1809695250078
"GH5962010.2","A",24.416555549582,23.1235841737307
"QH4947100.1","B",32.1219332613724,30.8335160522726
"NC6592370.3","C",30.9855881508609,27.7960253165364
"NC2054820.2","B",35.9711636235926,34.3621878375523
"CH1061160.2","A",25.8951377503895,24.8168778313591
"NC7936920.3","A",22.8417109581026,22.2958257569953
"NH8023970.2","C",31.1140074442588,30.1322025869286
"QH9244190.3","B",29.3937576506972,28.1383984415052
"QH6999780.1","C",25.5141742473801,26.3807030916926
"QH7038970.1","C",14.0836852095037,14.4175431705003
"HQ2872380.1","B",25.9404652255579,23.2797633644712
"NC5430060.2","C",22.7760696224717,22.7219770493077
"GQ6775920.3","B",27.0727728767192,25.2747030617543
"QQ4670540.2","B",21.3966758475755,20.2120488314982
"CN6573560.1","C",22.1419320866756,21.7085510108465
"QQ4709740.1","A",20.8951203012411,20.5082521775805
"CC7191270.3","B",32.8916985157228,32.0590986280618
"GG1941600.3","A",23.667153627543,22.0445775962165
"HC6161170.3","B",23.4056100752822,23.3957359157503
"CH9147340.1","B",25.8779823063248,23.2407358808181
"QH6975020.3","B",24.1424550436033,20.7822081535511
"HH1564820.2","C",24.1711254057419,24.3718698910954
"CN7437860.1","C",31.8771559790501,30.0349422566909
"GH6930140.2","A",26.2790686977201,23.6232548442919
"CN1655510.3","A",19.9215283872127,18.6720957388774
"GQ7764840.1","A",27.501331898811,26.1773432664153
"QC8021670.4","B",23.5719743552986,21.9265443939029
"CN3491870.3","A",22.9237729187323,19.806536767826
"NN5020700.1","A",23.4050045432564,24.0037016940697
"QC3867840.3","B",25.6911253814624,24.990073095166
"HQ2296000.1","A",28.9865212378244,25.8011862605763
"CH8127610.4","A",27.6394844125532,26.1154847948875
"NN9265120.4","C",24.6305368164651,23.7561505699005
"NG8284720.4","B",19.2835488915159,17.4906471527463
"QQ2194460.3","A",20.195895174437,17.669164817271
"NH8258640.3","B",31.2536261339482,29.2275607477169
"QH6118180.3","B",23.9808537363767,20.8417412715676
"QG8143260.3","C",23.7117113504887,21.548852613394
"QN3744740.3","C",31.439053681666,28.5641424396514
"GH4426910.3","B",24.8201364303265,24.8027287973929
"NN6905000.1","B",20.8796036690025,20.1407950877609
"HQ3336810.1","A",25.8322633938144,23.8520860364763
"QN6147390.3","A",24.595392292496,22.8964321168325
"GC1189870.1","C",31.8497135326235,29.4051778677704
"HQ4273970.4","A",24.1159158623875,22.107486774732
"QG7692430.2","B",18.8889021467698,17.9411101152577
"HC3313890.3","B",24.9519343007257,24.0305512168757
"QC1170490.1","A",26.5491686358402,23.7515747800923
"NG7291660.2","B",23.270926240271,22.0174377633501
"QG4140110.2","B",23.8194637214159,22.0362311942996
"NN5204790.1","B",25.915377306939,24.6245934187082
"QN8681700.3","C",28.6750390471405,26.3840290068536
"GH6514290.3","B",18.9000364764173,18.2206070628359
"CN4709520.1","A",23.9160537106467,20.7927223403837
"NN8351380.4","B",28.2028083217237,25.0666925661123
"GQ2012880.2","C",30.0795157540981,28.5455799343858
"HQ2170510.3","A",29.3756824774756,25.0004540926375
"HN3955410.4","C",32.2416254763407,31.0729804675361
"NN9405380.4","A",21.2596553465718,20.3286858493062
"HG1016180.4","C",19.917652578041,19.7514776579814
"QH1774660.1","B",20.937978906117,19.4364718465669
"GQ7646340.2","A",24.3792214944926,21.4659441258966
"CN7094030.1","A",25.0735286892848,23.5317972566325
"GG3533370.3","C",28.7575128401912,27.1257154464961
"NG7083050.2","C",28.2465234626033,27.4765270345048
"GH1703890.2","A",27.0212677810446,27.5564745326377
"NQ9314080.4","B",32.0982202492435,29.3880806887172
"NN6163250.2","A",28.5974283810461,27.7319989486286
"GC1445390.1","B",24.0004920384598,21.3380452348109
"CG3209520.3","C",23.1495241139521,22.4739717475795
"NG9249980.1","B",29.5698174159186,29.801782174
"GQ4131550.1","B",25.9105159522197,25.9477111653113
"HQ9899450.2","A",25.1309140248681,22.2732272796852
"CH4562110.3","A",24.3405473148381,23.4044318264157
"QQ6780070.1","C",20.8746399768674,21.9935276795218
"CG6661910.2","C",29.6539439288989,28.0291963238305
"NN9594990.2","A",22.7285325957584,21.9548508423639
"CG1277200.1","C",23.8002164359196,22.1269233905855
"QG5920700.4","C",28.4633134632034,27.3256909568358
"QC3250780.3","A",24.7924783308833,23.7847902289668
"GC7589270.3","B",33.222533764784,32.1734867020541
"NQ2545100.4","A",32.133555414976,30.87651465774
"QH2622670.1","C",18.4678949668976,17.6956434753628
"NG8931280.1","C",25.9423937319709,24.8017817108187
"CG8260660.2","C",24.7796780180305,26.1120346895247
"NN2571270.4","C",24.1881544714311,23.2242287186121
"NG8049260.1","C",25.6384785734402,23.746272443548
"GH7005990.2","A",22.8918443586639,22.0568779583981
"CQ1467370.3","B",24.003777403753,22.6794530259218
"QN1514310.1","A",26.7339129536858,24.7618951981867
"GH5183950.2","B",29.2253352220837,28.9123318995492
"GQ6463680.1","B",23.7876469306753,22.5679678862432
"QH6087680.3","C",19.3532764503147,17.6859121127908
"HN2303640.1","B",26.5153632174926,24.2827815594177
"NN6600460.3","B",26.7580279785871,26.1201827938868
"QC8082590.4","A",24.6435436936116,24.0107542002212
"NH7084400.3","C",21.8367857689856,20.08297239623
"GQ4868420.1","A",27.01724996918,25.8283886839187
"CH8218580.2","C",26.9142103844863,26.0420696640512
"CQ3593890.4","B",26.060997237283,25.2166088669807
"CC2076380.4","B",27.5659196133756,25.9102418903485
"HG6571120.4","C",23.2809492053804,22.977276549778
"GQ8456550.1","B",27.0756920312335,26.7100356594901
"NC4640950.3","C",26.1517625260186,24.0608518148642
"HG4129400.3","A",25.7503235587261,24.232829278181
"HG7357980.4","A",20.5601189996126,18.3308709244383
"CG2029120.3","C",25.460523192321,23.8908312395715
"NN2052120.1","C",30.1917539228558,28.3786730486541
"QN2424050.1","A",32.3068629795229,30.041349024225
"QN3691600.4","C",32.8187489449146,31.0864182734004
"GQ2138800.4","B",30.4909448484876,30.8026189578223
"HN8699460.2","B",20.7891730296163,20.7740765974812
"QG3563630.2","A",27.6253453255442,26.9727874923748
"GQ8551170.1","B",22.1604190226208,21.5511206014414
"GG3947390.1","A",32.9941908566206,30.9070395221005
"GG7512950.2","C",23.8174494690104,21.389763672971
"QC3082660.4","C",24.465333515259,22.6318740054337
"GC3096500.3","A",24.342600479138,21.656626612294
"NQ3473700.4","B",33.3988658484285,31.9977963696666
"HG7007860.1","C",23.66107457208,23.7437164398614
"HN9717290.2","B",29.8644277065496,28.3562739845129
"QH6015930.1","A",16.0245695467659,15.1419562234242
"NN7050710.4","C",29.3059400499634,28.5150319846184
"HG1395280.4","B",20.6851095490335,19.1527647286748
"NQ5282420.1","C",26.586720193051,25.7419289863887
"HH3756860.1","B",26.437662374865,25.4615282516947
"NN5047530.1","B",29.8487117554973,28.3720035313443
"GQ5989950.1","A",20.8833534501752,18.8034262585568
"QH4732150.1","C",28.0338856212503,28.2073198825212
"HN8483240.1","C",21.7105296513693,21.3778200039509
"HG1234160.2","C",24.4587313421502,24.7558735605584
"CC3404240.3","C",29.5357642563013,29.4533196970913
"CH5779300.2","C",21.2168936903031,18.1042010860743
"HC5575090.1","B",23.901969508296,21.794292733887
"CC4754260.3","C",25.37216878825,25.4734994813607
"CC7459080.3","A",21.1455417591977,19.6421964226848
"CH1683380.4","B",25.0773837710202,24.4452393061204
"GN4734320.3","A",23.874252977116,20.9505458930526
"NH7282240.1","B",30.4036762717872,30.0295987516826
"GQ7981140.2","B",30.3710554428354,26.6271562668373
"GN1317350.3","C",22.9058396703639,22.9533644968694
"HG8035820.4","C",25.0794908703216,23.5190178786685
"HH5022110.4","A",24.4137723403169,25.4146722324228
"NG3553340.4","C",28.4005093815004,26.2276596434291
"CG6536370.2","B",20.3319544385948,17.4255284237524
"HC8363750.4","A",20.55786615581,18.4656511694016
"HN5824910.4","B",29.9552495501532,28.9251334481799
"NC1616260.4","B",26.6187505544047,24.5351781963702
"NG6353400.3","A",24.9288150127239,24.302403671249
"HG8309560.2","A",25.7408872876648,22.6476613269543
"CQ2318470.4","A",26.6123446393381,25.2428558528462
"NH4585070.4","C",25.5372541252846,24.310069237539
"CH9052890.4","A",25.8625794689659,25.0300657599386
"NQ1274680.4","B",32.2546503942783,30.6555111811626
"HH7514050.2","C",23.1542278108618,23.1789674857119
"NG6058040.1","C",32.5908837387458,31.5506755179363
"CQ8338800.3","C",21.8374910064052,20.6755239716571
"GC5295650.4","B",30.268251608929,29.2648518122601
"CH1688270.4","B",22.9669218691257,22.5186140069045
"CH1550290.3","A",24.4569775907968,23.2695584858674
"GG6240850.2","B",22.5285947752639,22.1557012852516
"HG3473590.3","A",23.163587257496,21.7815841642285
"NQ2680750.2","B",18.4009166089813,18.8227901739827
"QN2430470.3","A",23.8507014311587,22.9982173074565
"GG9282390.4","C",30.1048124355907,29.6607154285195
"CC9519910.3","C",27.2333549345229,24.3892331907778
"GH4218370.2","A",28.4043772169559,26.8173850272899
"GH6407460.1","C",19.8315233291522,18.3579461578291
"GN4937510.3","B",29.4719982849761,29.2552402021993
"HG2187640.2","B",17.3555375404601,15.6264891506471
"GQ2979810.4","C",24.2758834128206,22.8263823840373
"CC5158910.1","B",23.7076898716507,23.3463911488595
"QH8702130.3","A",29.8184607579838,28.1246843730949
"NN4245520.3","C",21.4312295140482,20.9571617393478
"HC4583440.1","B",29.7684028212411,26.7849058480366
"NH9139530.3","C",24.514941198352,23.2478283284761
"NG7445350.1","B",18.9913127550994,17.7258748279055
"GG9052170.2","C",29.0169337753867,28.2160400579151
"NG6330620.1","A",21.9512986838008,20.9669837123342
"QN4077380.2","A",22.5160154651133,20.2568023911582
"GQ9234960.2","C",29.8605383170644,28.9193514239653
"CC7736300.4","A",26.2656042905113,26.1993231613912
"HC4479810.4","B",23.2031979857166,20.1930431131289
"NC3176160.4","B",26.7265667959563,26.5959535096384
"GN7867430.3","C",30.8566735161025,27.8364309191819
"HG4238850.1","B",23.9642725026774,22.7426209610436
"NG1703130.1","A",23.8499232957419,21.4005487191254
"NG3109350.1","B",23.6198284693119,22.6730977096631
"GH8063310.1","B",23.2701970040389,23.7386238767536
"HN7104310.1","A",29.9698482606528,27.2490078214013
"CH2314770.4","C",24.6564334864058,23.1020033842316
"GH8207050.3","A",30.9704514339702,30.2665147353956
"NH1419460.2","A",17.6832581176954,17.4576632415983
"HN2154060.1","C",22.9635286284542,23.1373589455315
"NG9128530.4","C",30.3842408601586,25.9338203887944
"QC6066860.2","A",26.079925047093,25.1239485696645
"NH1358600.2","A",24.3285998489111,21.9003277943393
"HC3287960.1","B",24.6914292175004,22.9074907084731
"HH4585660.4","C",25.0486048815476,23.3569880092773
"HN8220030.1","B",32.8515389293597,32.7033815755171
"CQ6694390.2","A",26.9683582798273,28.3171171830941
"CN5007110.3","A",22.7438642357377,21.8186503372621
"HQ1706350.3","B",24.7485807674099,24.5149807520235
"NH2314820.2","B",22.5407752948142,21.8224267059626
"QQ3846090.1","A",24.7457892958703,23.3306373760896
"HC6857950.2","A",31.0581531009597,29.3625328356377
"CG9021010.2","C",24.0871702032031,22.3983005248419
"CN5832780.2","B",22.2457462989905,20.372001087453
"QC8397540.4","A",25.0134722516272,21.8188199937479
"NG5554280.1","B",31.6449632798543,29.5359544205925
"HG6659900.2","C",26.3433600225437,23.8211150129023
"CQ2355530.2","B",30.2853666886305,28.6482705200512
"CG1931130.2","A",19.6728421716004,18.588185912335
"NC4620350.3","B",32.7182158611567,31.2245831432879
"GH3369380.2","B",21.4375718096506,21.4050511992294
"NG1422560.3","B",32.2817513533493,30.4082419826409
"HQ6146890.2","A",32.4784920227216,30.0203183216757
"QQ8094600.2","C",25.6051350205576,23.3919497739158
"NQ6936590.4","A",19.6561008309634,19.3169234977148
"NN9129990.3","B",26.3664811522819,24.0815012731086
"NG4078170.1","A",26.2236812270777,24.8946728263259
"CQ6013430.3","A",22.0620622184156,20.8048143223178
"CC6596730.2","B",24.2490929668168,21.8095363400028
"NC5194400.4","A",15.2907262576496,15.3095376282955
"GG9453710.1","B",24.1165917053825,24.2105770604509
"CH2490790.4","A",28.4055548009408,27.7619605464514
"HN6069900.1","C",27.1613631573567,25.1326490260199
"CQ3638460.3","A",24.9850842143529,23.3860768478987
"NH9966900.3","C",21.9895073977836,20.9975543044085
"QQ4233570.1","C",21.9214163971329,20.3261818870122
"NQ1045940.4","B",22.9241088939155,23.5604547034102
"HC9049700.4","C",29.1286279418339,28.5784901569863
"GN8132700.3","A",14.8257315876196,14.4120385216596
"HN2065950.3","A",27.2157825710647,25.8661193945889
"QC6888410.3","A",26.670080520774,24.1524023273911
"QN3980330.4","B",27.7317604655076,28.5905802812222
"HN9164950.1","B",24.689501741006,23.6326979637739
"NH1104580.1","C",30.6368832127026,30.664116384702
"CG5129640.3","C",21.9139228354928,22.6025383384188
"HG8307620.1","C",26.2487880782709,24.2109251957264
"CQ5582890.3","A",24.8503551777857,22.5882628197065
"CN3404860.2","A",23.2331045548437,20.834853766005
"QQ4878030.3","B",24.6685829612561,22.5294482798376
"QG9259520.2","C",26.7627978281074,26.2303293817843
"QN8332780.4","A",34.6487652382957,32.0509274658721
"NC1258670.4","C",28.0077481598221,26.3507904584218
"GH1650620.3","A",19.6825322703571,20.8776031399888
"HQ5275810.3","C",22.619584103692,20.0827296260323
"CH1487030.1","A",22.8880964153858,22.4496457292343
"CG1919400.2","A",31.1400447966412,29.6007797659096
"NC9639760.3","B",23.9784611226279,20.6708504595568
"QN8951590.2","C",26.4884388970477,24.863540372186
"GN4222570.3","A",23.2902048467498,21.8836375850524
"GQ4651730.3","B",24.090591140457,24.3143150956241
"GQ2843790.4","B",33.5358810379821,31.9512599344789
"GN2899700.4","B",24.7271426145447,21.9768478681103
"NH2157500.3","B",31.1014939422409,28.88683739458
"CQ5362340.2","C",24.1145998912175,23.288203071698
"HH5600040.1","B",26.0684369735705,26.6219700143517
"HH3802650.4","A",20.6610407602078,20.8780154243921
"HG1147670.1","B",25.1802385039165,24.3674116521277
"GH7418840.3","A",20.5892597715043,18.8340043312398
"CQ8377550.2","A",27.286621710021,22.9873598898822
"CN8232980.4","C",28.5089407209905,27.3814677685487
"GN9149500.4","A",20.6710347385764,20.100300369505
"GQ3024300.2","C",26.1650593326709,24.7017695329579
"HC3032980.1","B",25.1762779056941,23.0187683409943
"CH1013590.2","A",18.1503584355601,16.0005046065487
"HH3662990.3","A",31.7786109120749,30.3107329401013
"QG6801980.3","B",25.968903686324,24.8889400944482
"QG8689950.2","A",23.7969060646888,22.2064463265768
"QH9648340.3","B",29.9232156856073,29.1661680432283
"QQ8871250.4","B",32.9246989991769,30.7956291680152
"QC3998750.4","A",23.4356321108775,22.2260250728839
"NG5040870.4","C",27.9115630844338,27.9471418757103
"HC7264910.3","B",24.6325894392664,23.0667036058374
"GN6598030.4","B",23.1520184582916,23.6699239683811
"QG5046240.4","A",24.9228615327665,22.5345226183829
"GN3058290.1","A",28.7104730093215,26.8871974156329
"HG9186630.4","C",20.0680162038597,18.4162356927979
"NH2718680.1","C",30.0802195888088,27.5863809444179
"NG3604860.4","B",22.3390712724051,21.3620048890266
"NH5020580.1","C",16.9720703025744,14.5382141531636
"GH5877820.1","A",27.2202367935754,25.472617968795
"HQ6473320.3","C",21.8312749289546,22.5532423644118
"GN8830620.3","C",31.1095734123041,28.999588105385
"NQ2164660.4","C",22.6861426789592,22.2747818375389
"QN2582690.1","B",24.614956476789,24.0017477552442
"GQ9942250.2","B",23.810972913296,22.000877852457
"CH9389150.4","A",22.1850641197139,20.1095128068284
"CH6997550.2","A",28.1863062144465,26.3264678297938
"CG2183090.3","B",25.8288814629886,22.137271133199
"CQ1880300.2","B",21.4768464947244,19.2903212771514
"QN5536720.3","B",22.2122941028155,19.9032684426697
"QQ3734280.3","B",25.1497956961863,24.0243681755364
"GN2432940.1","C",22.7527035534788,21.6520973932781
"CH5225850.4","C",24.0905729168549,23.6104395148789
"CC7362280.4","B",25.8594286395009,24.340154830207
"NC6486280.4","A",26.0249594346741,25.6392035715207
"NN2871660.1","A",23.341027022299,22.3191954383123
"HC8348110.4","B",23.9071676756771,22.4816300720517
"QC1978140.4","C",23.8678237481263,20.3262183901658
"QH7848290.4","B",26.877753098134,25.4155920691771
"GG4257470.1","C",31.795237263873,31.1982008521482
"NH6179110.4","C",21.8370762377772,21.7627464733939
"GG5524410.1","C",16.3719508332933,14.7265384756298
"HC2189460.3","A",30.0363638087463,28.4663918036871
"CN6362630.4","C",26.4187853393394,23.1885844299823
"QG2066050.4","A",22.3556963220662,21.4466728412391
"QQ5706740.4","A",29.3539109201705,26.0268985251179
"GQ5264270.4","B",20.2435048025015,18.5868496977099
"HC5661490.4","B",18.1137901187821,17.1363862890495
"GH2077000.2","B",28.0136055219077,26.2043161013109
"CC7402820.4","A",27.9166251336564,25.6048690191592
"QH7482310.2","C",25.3173991365743,25.5715175417038
"GH9872360.3","B",27.7376659497317,26.735905762469
"GH4593560.4","B",29.448862083361,28.7521063515013
"CC1397340.3","A",24.0394634657915,22.4881372901296
"NN6496640.2","B",26.203495013817,24.9513267186912
"GH3026400.3","C",20.2757127023391,19.2180974374815
"QG4052300.2","B",26.1297944940784,23.8421678621398
"CN7717050.3","C",26.2464138024538,25.3408201507626
"GN3574620.2","C",26.6203287782321,26.8262187491081
"HQ1346550.3","A",27.7068489054738,25.8293091751202
"QC9416350.2","C",17.9256816054202,17.9717550902992
"HQ1109520.4","B",23.0348481617816,21.9931510947858
"GN7166900.4","C",25.2666231207593,22.8167439529638
"HQ8753360.1","C",28.2698487785462,26.8636152478847
"NQ5265730.2","A",28.9333527067534,27.9291321078063
"QN6748970.2","C",25.5847802446954,26.0226072810933
"NG1688160.4","B",28.1602174068203,26.7171354819683
"GH4399190.4","C",23.107185952091,21.5437768678821
"QQ6172010.4","A",25.224024548461,23.9389266127109
"CC4149560.2","A",18.1853164819991,17.5911813045779
"NC3467790.1","C",24.4513074196115,25.0573951973494
"NQ9252670.4","C",27.6414564696529,27.3640496213667
"QC2128880.3","B",25.3899729747093,24.0827187819666
"NC6955050.1","B",16.6065362217194,14.8668913482335
"NQ6568680.1","A",24.3256540062896,22.721462198265
"HH4146000.3","C",29.1309908383101,27.5313830236123
"QQ7085050.2","A",25.1877424236008,21.850399976639
"QQ4872920.2","C",22.6953672161652,21.2703250587022
"NG8570640.3","B",26.1165054103344,24.772911899106
"CG3942930.1","C",34.2034945741459,31.9021911187816
"QQ2440920.2","C",25.6041351961344,23.2710582983929
"CG4210940.2","B",15.1422313255271,13.2035276587547
"CN6084910.2","C",26.560433771398,25.6975855856808
"GQ3888500.4","B",22.1763881862006,21.8942157525403
"GN7511140.2","A",21.0723655055824,20.5083480621197
"GC1135070.3","B",21.75305996091,20.5824110878957
"GQ5832200.3","B",27.0633776882223,25.6127310944661
"GQ4507340.3","A",28.9069203522762,26.9601027961489
"HG3866290.2","A",21.3018996597192,20.2903140827703
"HC6856800.3","A",23.929520280932,24.4670584544593
"HN8514930.1","B",22.0404072261239,21.8030166614691
"HN6845570.2","A",32.9116003638326,30.5328098516002
"HC4799990.1","A",24.1094599724955,22.9009041203758
"NH6273780.3","C",25.5233222832178,24.1712405281783
"NC7536000.1","B",29.3516871638408,28.6440525173895
"GQ1763750.2","C",30.3401527869181,28.4651057126688
"QH8543580.2","C",25.4591486133531,24.831025836789
"NN4428770.4","C",29.9170317630979,28.9905579125269
"GQ1935710.4","B",26.2930744362852,27.1389730653513
"CN3540640.2","B",23.7846772459973,22.3419776725853
"CH6648090.2","C",27.1911566895421,25.8838328819103
"HC1342190.2","B",30.2586662559532,28.9172386305604
"HC3042470.2","A",27.421852125917,24.7282216559076
"QN2306450.3","C",28.5909909553709,28.2216796456318
"HH7500680.2","C",21.1927258065504,19.7773322606753
"NC1459500.4","B",22.4074129550581,18.5193171665093
"QQ9755550.4","B",25.1696714824121,24.2755453635504
"QG3841270.2","B",31.4622536448291,31.4199824209642
"QC5290240.3","C",20.6148483362932,20.0851190159259
"GH2727870.1","C",21.2918420871158,20.3317700020167
"CQ9997590.1","C",20.8090818988267,20.7996175182781
"HQ4109050.3","B",26.1082771614119,25.6464561294843
"CH3290450.4","A",34.6205906332951,34.4662084307197
"QN6446090.1","B",23.7383728210949,23.5504391893464
"QH6936180.3","A",20.7517089263191,17.5446694478901
"HG9655750.4","C",22.8622242531135,21.822726499541
"NN8794120.1","A",23.2054549740016,22.3667741622952
"NH5625920.4","A",31.5092780414831,29.7260823366805
"CG7726280.4","C",21.594815184939,19.7903860039672
"QQ9557630.2","B",21.813226292204,21.4642644289189
"GG7695640.4","B",26.8639470721421,24.8707293991428
"QC5796580.3","A",25.7429851771596,25.7189272027621
"NC7029490.3","B",27.2225553381797,26.0738829444263
"NG2011780.1","B",27.1728601973161,26.2303488540241
"GG2935060.4","B",22.3951447551425,23.1971868712127
"HG6643620.2","A",23.7119240053872,22.2158173527449
"HH8378740.2","A",21.2622432180991,20.5692155246549
"GQ6189800.1","A",28.0275496100631,26.3003894610608
"HQ6982590.3","B",23.5258710210791,22.892117963242
"NN6657210.3","A",21.2361650962429,20.9600054698631
"NQ7670400.3","A",22.4247722436864,22.1150679727103
"GG5246730.1","C",24.4042473509506,22.3318526994398
"CH2403800.1","A",29.9855164233841,27.4047496098238
"GG9690910.3","B",29.587298326966,29.0327933640012
"NC7813970.3","A",28.5475241318557,25.9191763641342
"HQ1937970.4","B",25.9750325478465,26.4474466464846
"GQ8537190.2","B",21.0982199560895,20.2386006828873
"QG4447280.3","C",27.232213025723,27.4919008080611
"QH9830700.1","C",18.6116668504775,18.9481562085919
"HH7277270.3","B",12.2649691197224,12.1954630325831
"GH9634770.3","C",19.4556809301817,18.1077634784408
"QC7049820.4","C",29.0469505937686,28.0046458353202
"CC1708810.1","B",23.0195451058282,20.2168093658973
"GN3693790.1","A",30.6395088818615,28.8011975695559
"HH6809990.2","C",23.570556662049,20.6076932163008
"CC6651240.4","A",17.5115516429931,15.0807942576171
"NC3555360.1","B",24.1355135023804,23.9052342456156
"GG5564650.2","C",26.6507117026479,23.1494301089561
"CQ5428520.4","A",26.0563406971524,22.3726384564025
"GQ8387060.3","C",29.2481230461395,28.3622157565627
"GN9846010.4","B",30.4069674827482,30.3812300319872
"HQ4766480.4","B",25.9415740017138,23.9653143846165
"QC4977020.2","B",19.7027017503965,16.421704527562
"QQ3334390.2","A",27.0785857512,25.9659890631588
"GN7620300.2","B",27.8483715716068,26.6627087537288
"CC4275250.4","B",25.8033032464011,24.2193555819841
"CG8069420.3","A",24.3630053607023,23.9144413933851
"NH1120460.1","A",24.9163994969649,23.1649649047031
"HC4814460.4","B",20.1392856616469,18.3844306948144
"NQ3664800.2","C",19.7664887233673,18.5926569701918
"NQ2973680.1","C",23.5070791883012,22.0944144192869
"HG8516840.3","B",26.9907993983384,26.0794571479714
"GH3580260.3","C",30.8655167454868,28.4527324792648
"CN2429770.3","C",27.4501386716809,25.0912130141699
"GH2211290.4","C",24.0469848015795,23.2452311599253
"QH3477070.2","A",20.7184921577909,20.5120537364317
"GQ9168830.3","B",15.0557855878096,14.8035507591448
"CG2276590.4","C",26.0593076562853,25.1548300099188
"CQ7230980.4","A",31.0365993010299,29.5065049073511
"CC8416560.2","A",31.5716857819118,28.1747846540233
"NN5273140.4","B",30.7617738449606,28.7273390202401
"NQ4254290.2","C",26.2579335018609,24.6743925729594
"QG6639590.4","A",30.3864518606464,28.5178594393059
"GQ4867000.1","A",28.6838107436067,28.2667598014993
"NN2221000.1","C",23.7281323395342,22.3954273704517
"CG2749540.4","C",26.5865362381376,25.8009464516906
"HN7166900.2","C",23.1796449194285,22.7527883068086
"QG8646240.3","B",24.8141887341842,23.9888558258604
"GN9228920.1","B",23.6146833038293,21.2543620746075
"CH2338840.2","A",32.1534660439215,30.5370397238038
"GH1068460.4","A",27.932954107445,24.750238346702
"CN8479810.1","B",19.9493617251415,19.1193032986238
"GC3336170.2","C",30.5403672921092,29.0224529439299
"GH2795120.3","B",20.4046906208638,21.0653005836796
"CG4753640.3","C",28.6931313986762,27.5760157996654
"QQ1722940.3","B",25.5745816702691,23.550952496409
"GC8666490.4","A",24.6798188537705,23.8827460156171
"NQ4663950.4","B",29.3132869470878,28.0219733296807
"NN5995240.4","B",25.7981415415295,23.8115399457598
"GN3676600.4","A",30.9136931068848,30.9180816570992
"CH7989690.2","A",20.7335696423115,20.6591508414192
"CQ4921850.1","A",30.3519844813823,28.9759545652025
"CC6273130.4","C",27.6095627874903,26.160282046978
"HH7743010.2","A",28.9149011549433,27.9898479758427
"QN2998920.3","C",25.9081640948712,23.6162844200772
"CN2711650.4","A",23.7572025784594,24.7578898403841
"NG3921430.3","A",22.0228152480498,22.2132834689695
"QH1839860.1","B",21.9192180149234,21.3648125614797
"NQ6814640.1","A",33.0816439579026,30.1236985378349
"HH8335900.3","C",25.7234421364443,25.8578233710997
"NC7593760.1","C",25.0179026960519,24.5910599778337
"NH6619860.1","B",22.4193884189459,22.9896680918246
"HQ3526620.3","B",27.0616334184667,26.125302797007
"GH4597490.1","A",28.2206792016489,26.3084072045461
"GC4453460.4","A",23.6739539381997,21.2810289358171
"GC6457490.1","C",22.4172544179822,19.8287466944657
"CH1525770.3","C",22.7344222834208,23.3084878316384
"CQ1055890.1","A",30.6686002777994,29.2157236406115
"QN6792150.1","A",26.6295055724059,26.7707425581445
"NN9105250.4","B",27.0947491761549,27.4713998335972
"HQ7358780.3","B",31.1616343931527,29.9408505498436
"NG4101510.3","A",24.3598880900606,23.1035141635911
"GH4489370.1","C",20.8601032342865,20.388325798026
"QQ2327940.2","B",31.9877073120273,29.8416053637187
"HQ5243240.2","A",26.7311770117237,25.3472175617648
"GC9729360.2","B",20.7709062941321,18.262612932823
"QQ7451310.3","A",19.0529424521642,18.5982284925461
"QC9037020.3","B",25.4796126932161,24.7387222165667
"HQ3610610.3","A",29.3579584882227,29.1325214211367
"GG4936560.2","A",29.8778051710122,29.6469167303265
"GG7000430.3","C",24.7100817074684,22.7333646770964
"CQ7940330.1","A",25.99836472148,23.9015958655607
"HQ5530910.3","A",19.3057776271292,18.3662015124781
"NQ7044550.3","C",17.5517621769358,15.6461567916421
"HG5850300.4","B",27.6902762900733,25.7544169327443
"QC1547850.2","B",26.3910795000568,27.2851076738675
"QH9585550.1","B",26.9467357363455,24.8326524838487
"HC3870120.2","B",22.9511311242215,21.3901363996075
"CC2765050.2","A",18.783107502997,19.8923629355575
"CH2001570.2","A",23.4469828100488,21.7237026780728
"QN4548240.2","C",26.9661751455239,26.5486241022758
"NG4102520.2","C",28.6231336014962,26.807871702826
"QH1589720.1","A",28.4074693570018,26.3050527973579
"CC4971540.1","C",20.6559892892282,20.7342107982064
"QN9180080.1","C",23.146555036366,21.9520682095523
"NG9149980.2","C",28.325060590295,28.1228228160747
"GC3544330.2","A",26.0210488939228,23.3511140970691
"NN6501430.3","C",28.3628093405592,26.4092200943516
"NC4884520.1","C",26.1998270689982,25.3207972725794
"GG9458290.3","A",29.3908125598251,26.848359975342
"CN6985120.4","A",22.8181326156492,22.2695121675739
"QN2912520.4","B",26.9268377126252,25.5373148618502
"GQ3403410.2","C",16.4909883102642,14.3372177557864
"NC4377340.3","B",24.0469809088943,23.2987664725883
"CG4323670.3","B",32.0612036844043,29.5379914679849
"HQ6312840.3","B",29.4459417313052,28.8441943958327
"CC5352330.1","B",24.6943745511987,22.7305047494381
"QG2773900.2","C",22.5692286594579,21.6932240342315
"HQ4283450.1","C",26.0220776398231,23.4630487550408
"QG6998210.3","B",24.1167319704694,21.9602381747173
"GH7506260.4","B",23.4873844643859,21.9688482134223
"GQ7552780.2","C",24.386883144489,23.3446239606455
"QG4784390.2","C",27.6035797052133,25.7751023834276
"QC7217130.2","C",29.0682113943045,29.7252733985892
"GN3075390.2","C",22.3069717398888,21.2703773856372
"QC3075570.1","A",24.2718918580959,23.4380571826803
"CG8550220.1","A",27.0967192686456,28.2584316645854
"NH5395580.4","B",26.8146565369424,25.7676770534414
"GG8436690.2","A",25.1534227964022,24.0978675606827
"HG8296820.4","B",24.1508980019967,23.430295046873
"NC3922360.4","A",17.035221407427,15.9254185824604
"HC4862530.4","C",24.9327973305012,23.8606806316596
"CC8931270.4","B",31.7807506584543,29.9771293182778
"CQ4487260.4","A",25.2609694634917,25.3171592180141
"HH1264100.1","B",21.6046086135864,20.1598423213014
"CH6724110.1","C",22.1323275281948,20.8995211196636
"CN6944870.4","A",20.6083429535974,18.2847773059075
"NQ5209480.4","A",23.0341854529194,23.3818713921229
"CC4752410.2","A",25.5761577058314,26.1010918736019
"GH1382120.1","C",26.0512192696365,23.4481494774063
"CG5141600.1","B",20.6671913658033,17.7940076135746
"CG9796310.4","B",24.7520474953823,23.3534467896865
"NH9224610.1","C",20.6187794998158,19.034689379895
"HQ2055980.4","C",25.0595530345326,22.8577951600152
"NC1520480.2","A",21.624826133344,20.2612718077683
"HN9461480.3","B",22.4331541357296,21.697023687084
"NN3184740.4","B",17.9527024120178,16.4749030944106
"HN8305170.2","B",25.669121466121,23.8080675170214
"HQ7329670.1","C",25.3789275499314,23.5361112776173
"CN5238340.4","C",27.9542406660901,27.7271390824763
"QG7536630.4","C",23.0488851052574,23.0056168909656
"HC4682640.1","B",29.156871298678,26.9781967039307
"GQ7512900.1","B",22.3386120346241,21.4693842037478
"HQ7762970.1","B",24.8364679472101,23.9259764288652
"NC4091140.1","C",24.8986833402723,24.096846101184
"CH2550840.4","C",25.0640070526708,22.0663075533743
"GH3603670.4","B",19.2914548688678,19.187830442772
"NC9212240.2","B",26.6131462494997,23.7452800848753
"CN1246350.1","A",28.3000011820104,27.4061620113078
"GN3766970.1","A",28.4014652996472,26.8085413751917
"GH5758020.2","B",18.3795887202686,17.5785190515711
"GG6184370.2","B",21.970674079317,20.5310280830494
"QQ1051040.2","B",22.5926371027672,23.3856153496588
"GQ6223280.1","A",28.0767038114043,26.326052031095
"HN8196040.3","A",25.25993240425,25.2772008149996
"CQ4049420.1","C",21.8419699686917,22.7816308980662
"GC5708580.1","B",28.4036092031923,28.1150715606607
"CN9763070.4","A",26.1289336710503,25.0528815775448
"NQ6192920.2","A",26.5568054904647,25.6198622137889
"NG2309310.3","C",23.9262011271284,22.3397837325621
"GG4029010.4","B",22.8233967261907,21.9358158736383
"CG9923230.4","A",23.8663454919414,23.8178598841112
"GC1856610.2","C",25.122323006931,23.3444849360137
"QC3508000.1","C",22.7989362607069,21.1727266711073
"HG2848250.2","A",22.9395990421981,20.2093733402197
"QH5738120.2","A",24.1435945233708,21.2264385916226
"QC2631770.2","C",24.2006173990557,23.1080811330625
"HN8082820.2","B",28.1012293866321,26.3317417018244
"NC2729130.1","A",21.4983986364876,20.9545346076103
"NG7143550.2","B",22.1605480528192,20.6957524155102
"GH1141600.3","B",18.9106901136144,16.4088904017687
"CQ6573490.4","B",22.5132323267892,21.1413900665294
"NQ8370360.3","C",28.278038839058,26.5069146849615
"CG2283120.3","B",24.334837850662,24.0942461004538
"QQ7628180.3","B",28.9907267544101,25.6779429673832
"NG9491690.4","B",26.2476603514699,24.3080006579929
"QC1425570.3","A",23.5575922441906,22.6925942822767
"HG5236850.3","A",27.6768357249632,26.346144882469
"HQ3213330.3","C",24.5163503628776,23.1009846668363
"CQ6353770.1","C",26.5308243501606,24.5900636729369
"NH4140870.4","A",20.9024285978479,19.8585107546554
"GC6024050.1","A",25.25692183432,24.4331784078945
"GH6417190.1","C",28.7517016783254,27.7706949037278
"HC9962170.1","A",22.2469384148514,21.3229096269563
"HH2242390.2","B",26.9430779454831,25.3654130335749
"HH1855390.3","C",28.1836248655988,25.9267205352238
"QH1027000.3","A",25.3323311410624,25.0609971983171
"QC8154400.2","C",23.0813507699517,21.0690607052596
"GQ9439530.2","A",28.3064453405838,25.9183949044153
"QG2694110.4","C",23.2091851224349,22.6218478936602
"NN8637930.2","C",18.4479705838667,18.3672170103189
"QC7318280.2","C",21.9491594270994,22.0670854164741
"NG4956680.2","A",23.828465452612,22.3521397553394
"QC2531220.1","B",23.7099229868176,22.8467792002471
"GH6341010.1","A",15.4625615704693,14.2353834952299
"CH1109770.3","C",20.6122558835939,18.1818739696142
"GQ9071740.3","C",27.8488873712942,27.1100794538257
"HH4775250.4","A",28.1973248455216,24.6499639306744
"HQ2035190.1","C",27.0363307226644,26.5477815627543
"HG2652960.4","C",24.5460730836605,23.720767296546
"QN7768410.2","B",32.9822969188987,30.8031690324776
"QN2044230.2","C",26.514673680492,25.1723417208024
"NH4454370.1","C",25.0943235248531,22.7171073526462
"NH6104310.3","C",23.3884170235742,22.1727902264394
"NH7417510.4","C",26.4052774048683,24.1252747797105
"HG4945920.1","A",21.0500725551244,18.8870715328967
"QC8980140.2","A",26.2258722448229,23.895677803864
"NN6975560.1","A",29.5346833898344,30.4864440195654
"NQ2222040.2","B",31.3325997798805,28.8056492109612
"QQ1943740.2","A",22.3624894026696,21.6965324002541
"NH6119980.2","B",26.6994693215374,26.1824981617588
"HH7288660.4","B",28.148605906563,26.6826537441608
"QH1820910.4","A",26.810603484887,25.3440968565411
"HN7120250.4","A",27.9210499530819,26.9708082835273
"CC8711900.3","B",22.3203255929744,20.521030201893
"CN7495980.2","A",30.3848434793277,30.7794450014554
"HG6318300.3","C",28.6651126830242,26.6578637094861
"CG7000960.4","A",25.1688651964105,23.8420801778362
"HC6310760.3","A",22.082091047253,21.472411436235
"QH5526080.4","C",19.3630666867485,18.0442336817346
"GC1774630.1","B",26.5770218527051,25.0331862774839
"CQ4044700.2","B",26.6026266890327,25.7087979982436
"NN6926310.3","C",17.7756749154845,18.6883224793354
"CC3021900.1","A",26.1570111146858,24.8176502764247
"HH8725010.1","B",23.6628517738751,22.0025605409034
"GN3694160.3","B",26.8951600512595,24.1270355656323
"GC8575920.4","C",17.7765698518213,17.7231184146287
"NQ8350640.4","B",20.2183698464261,18.5039442090769
"QH9330070.2","B",19.6814245217202,19.573531511928
"CH6449700.4","B",28.6195952363718,27.6036967057056
"QN1518040.4","B",21.4498230647059,19.3604648374911
"QN8809550.1","C",25.3316059531961,23.758946765272
"QG1126780.3","B",18.8089055274288,17.8916996032804
"NC6368880.3","B",18.4199683598032,18.5663389359268
"GH4855330.1","A",20.6700095078191,19.4856093682648
"GH7810940.4","C",31.1598665884079,28.6122105457559
"HG5471800.2","C",30.6283360798229,31.9115776377468
"HQ8600560.3","C",25.9235058813125,24.2547382529165
"QN6467430.2","C",28.5372442016461,27.7230842228762
"GN9849830.4","C",34.3912318818881,33.9002120553695
"QG5915490.3","A",20.6811672017167,18.3317481943485
"QQ5245610.1","C",19.5838546515396,17.5104867435122
"NH4644970.2","A",20.1831479242992,19.4907376697915
"NN3262160.4","B",22.7087581888025,22.2474442835372
"HH6375320.3","A",22.8912175796607,22.949521706772
"GG1732110.1","B",24.7597567079219,23.3513850975389
"HN4046590.2","C",25.9864716372669,24.7988806899259
"QQ2461460.3","B",20.8944905003262,19.8523484459327
"GG7672630.4","B",21.9329953301106,18.9275401051704
"GC3031750.1","A",19.1916940191621,17.308634252093
"QH5683250.1","B",25.1994135196444,24.2652171995022
"GG3175500.2","C",31.4719566077061,29.2066551324616
"CH9732910.2","A",29.8600270627107,28.4955913821252
"QG5151990.3","B",22.7859547960328,22.9381653418154
"HC6180000.1","A",20.8508289146409,21.801475768898
"NQ2763950.4","B",25.7959161582952,24.9355980128353
"GG8943270.2","C",21.0719898919976,20.2149778524552
"QN6871810.2","A",24.9771171336191,24.402578891794
"HQ2545870.4","C",31.2925014845097,30.6304622956867
"GN1779800.4","A",19.497407173536,18.4304365283462
"HG3232670.4","A",28.0340056457448,28.9480210303728
"HQ2610520.3","C",23.8902045718128,21.8440581175245
"NC7260620.2","B",26.872025833333,24.515412059338
"NQ1782470.1","B",26.3574224869696,24.697586558151
"CQ4939760.3","B",27.6207266934216,25.7260648649248
"HH7411230.3","B",21.8602420680727,21.5676299072603
"NH6889930.1","C",25.8392645899287,24.4350517152645
"QN1771520.2","B",26.3843994242342,23.2824686154149
"NQ9110130.1","B",17.1186731766267,16.303604900423
"NH8689700.1","B",13.5763622365581,13.9749636697177
"NQ9342270.3","C",27.2636928891469,25.6447032816501
"NH4164900.4","A",23.5929961572814,22.0733349196944
"GG6723040.3","B",21.7180015548553,21.9714493765361
"QH7137500.2","B",20.2266635189704,19.7169322880896
"HC8558930.4","B",18.01573601147,17.8019917434413
"GC6584550.4","B",21.5225090720155,20.4156546739316
"QC4992120.1","B",23.1385443515881,23.1519488330024
"CQ4262420.4","A",34.1428098395133,33.3467703502687
"NH7524630.1","C",27.4802441491704,26.1585549402571
"HC6381120.2","A",28.5127731402125,27.7960437347844
"NH1199050.3","A",21.5704722395137,18.5928427524206
"GC5168230.1","A",32.6651744679999,30.2576927184523
"QN4923150.3","C",19.9708988423349,20.1506904987026
"NG1760300.3","A",19.5886263333931,19.3058067704136
"QH8400560.3","B",32.4140428022489,29.8536295780336
"QH4246370.3","B",23.5285567408049,21.6822233603399
"NQ3102080.4","B",23.2668083563947,22.3104235733955
"NH2086860.2","C",26.3107549903677,25.1365367808731
"GC2991180.3","A",30.5479513260095,28.5748477672068
"QH3102350.3","A",29.4600668053103,28.1503005636007
"GH1592450.4","B",23.4605830512603,23.7376264465217
"CN5649640.4","B",26.5489677001702,24.3373531071916
"QN3613520.3","B",29.6145775788749,28.3764050764977
"NN2610430.4","A",23.4933676419961,22.2198204372628
"CC2831410.1","A",24.9679265626929,24.5805585833294
"HN4802670.2","C",30.4742977291027,28.2866870501855
"GC2641580.2","A",17.6681966001351,15.0142296639563
"NG3072390.2","B",28.1141686602272,24.9384059075679
"HQ1266060.1","B",20.1051117774744,19.970565811632
"HG9245510.3","B",28.6153110121891,29.494966110699
"GQ4878940.1","B",26.6018298115831,24.3836745242958
"QN1740750.4","A",28.7818854414382,27.2323676473522
"NG7678710.2","B",27.4013333712415,26.7050861469132
"NC9983740.3","B",18.5647721983533,18.9722050261401
"GG9244060.3","A",24.8489827047493,22.9213203095644
"HQ1113950.1","A",22.5009213023009,20.3169311262043
"HQ9416630.3","C",21.1983445958435,20.2519603457547
"HN9994000.3","A",23.6997010858495,20.1301603933329
"QQ5313740.3","B",19.9974713270113,19.0375542627919
"HH4334080.1","A",27.2268843010073,27.4218524002343
"NG5827770.3","A",23.1012556104274,21.6938295301247
"HN7440210.1","B",23.0693661822929,22.9247776842069
"HG9220490.1","B",28.3258824976856,26.3688940608002
"QH2485510.1","A",24.1805811025079,23.4461974165826
"GN2950270.1","C",22.2870984642274,21.0303372608717
"CC9572090.2","A",28.794818413369,27.7700439672291
"GG8359050.2","C",19.7551522900138,19.0037093568085
"HC8999510.4","C",12.3669035963779,11.5360843530563
"HH9002010.1","A",23.0513404130842,21.4817784700045
"QN5652070.1","B",17.9058523886148,17.4051627321488
"CN3043070.1","B",26.1499006140063,23.7371614683955
"HQ7659510.2","B",18.1080923672039,17.420320587502
"CC1850630.4","A",22.323571406898,21.9451661186592
"HG6565360.2","A",24.4134820285891,22.3300805129781
"CQ3827840.1","B",28.6115973385647,29.7005322404212
"GH8126900.3","B",26.0521316348681,24.5649773934156
"GH7662980.1","B",21.6386435524141,20.1759284006757
"QG5646800.1","A",28.3550045846387,28.801414535691
"QH7821380.3","B",25.7626394294238,24.3402283783858
"CH6313280.3","B",28.6206869571359,27.3223370451811
"GN6206460.2","B",22.4994793284116,21.6315013808672
"HC7743870.1","B",24.2015431423375,22.3409132447881
"CQ6498130.1","A",28.866821429944,26.9200682997193
"NQ5165530.1","C",21.6265831967739,19.1101936056419
"GC8990410.3","A",33.1026998127258,30.9897799509756
"NQ2357590.1","A",16.6046413080854,16.7840157098786
"CQ6734330.2","B",27.2381657865047,25.9540048536766
"CN4685450.3","C",30.9045252826368,28.7582666333538
"HH9437390.3","C",21.808796906029,19.9713515845548
"CN2008720.1","B",26.6203721846893,24.0293872672396
"QQ7733460.3","A",31.9537909023848,29.2767230141578
"CN6098420.3","A",24.2221812933713,21.8108002774059
"GH9074590.1","A",17.7265402143137,15.9200078770119
"NC9392030.1","C",34.4342035955204,33.2148952866363
"HC7129440.2","C",23.9826120355213,22.9601950999821
"GG6729710.4","C",26.5452522466305,25.6369602397332
